Unnamed: 0,LOS,Unnamed: 2,Unnamed: 3,Unnamed: 4,Unnamed: 5,Unnamed: 6,Unnamed: 7,Unnamed: 8,Unnamed: 9,Unnamed: 10,Unnamed: 11,Unnamed: 12,Unnamed: 13,Unnamed: 14,Unnamed: 15,Unnamed: 16,Crewchange,Unnamed: 18,Unnamed: 19,Unnamed: 20,Unnamed: 21,Ark,Crew Change,Unnamed: 1
Fakt.,Løpe-nummer,Dato,Order-Nr.,"TechLog
Nr.",Ship,Sign,KUN FRA LISTE              Sted/Type,,Landinger MONG                  STURE                    KÅRSTØ   ,LOS,KUN RIGG - Rotor Rønnings Tid (min),PAX,SHIP LANDING,Skriv 1 vis tåke/ bomtur. SHIP,Landinger ENFJ,HOIST,"Crew
Change",Total flight distance nm,Heli deck idle time,Total repositioning (to other airports) Flight time,Kommentar:,2017,,
ja,1,2017-07-01 00:00:00,,,MINERVA ATLANTICA,ONS,Kårstø,,,1,,,,,,1,,,,,,2017,,
ja,2,2017-07-01 00:00:00,,,INGRID KNUTSEN,ODO,STURE,,,1,,,,,,1,,,,,,2017,,
ja,3,2017-07-01 00:00:00,,,BRITISH EAGLE,ODO,STURE,,,1,,,,,1,1,,,,,,2017,,
ja,4,2017-07-01 00:00:00,,,POLAR,ONS,Mongstad,,,1,,,,,1,1,,,,,,2017,,
ja,5,2017-07-02 00:00:00,,,CHEYENNE,AMU,Kårstø,,,1,,,,,,1,,,,,,2017,,
ja,6,2017-06-30 00:00:00,,,ARCTIC DISCOVERER,TJA,Melkøya,,,1,,,,,,1,,,,,,2017,,
ja,7,2017-07-02 00:00:00,,,CLIPPER JUPITER,TJA,Melkøya,,,1,,,,,,1,,,,,BESTILT SOM BÅT TIL BÅT MEN FLYDD SOM 2 TURER,2017,,
ja,8,2017-07-02 00:00:00,,,ARCTIC DISCOVERER,TJA,Melkøya,,,1,,,,,,1,,,,,,2017,,
ja,9,2017-07-02 00:00:00,,,BRITISH EAGLE,AMU,Sture,,,1,,,,,,1,,,,,,2017,,
ja,10,2017-07-03 00:00:00,,,GRENA KNUTSEN,AMU,Los øvrig,,,1,,,1,,,,,,,,KOM FRA ÅMØYFJORDEN,2017,,
ja,11,2017-07-03 00:00:00,,,TORILL KNUTSEN,TJA,Crew Change,,,,,2,1,,,,1,60,7,,CREW CHANGE 2/0 OFF HAMMERFEST,2017,,
ja,12,2017-07-03 00:00:00,,,PEARY SPIRIT,ONS,Mongstad,,,1,,,1,,2,,,,,,,2017,,
ja,13,2017-07-03 00:00:00,,,RIDGEBURY ALICE M,ONS,Sture,,,1,,,,,1,1,,,,,,2017,,
ja,14,2017-07-04 00:00:00,,,SKS DIRIVA,AMU,Mongstad,,,1,,,,,1,1,,,,,,2017,,
ja,15,2017-07-04 00:00:00,,,POLAR,AMU,Mongstad,,,1,,,,,1,1,,,,,15 minutter forsinket.  Avionic Fault.,2017,,
ja,16,2017-07-05 00:00:00,,,TORILL KNUTSEN,TJA,Crew Change,,,,,1,1,,,,1,94,10,,CREW CHANGE 0/1 OFF HAMMERFEST,2017,,
ja,17,2017-07-05 00:00:00,,,ASTRO POLARIS,ONS,Sture,,,1,,,,,1,1,,,,,,2017,,
ja,18,2017-07-05 00:00:00,,,KAREN KNUTSEN,ONS,Mongstad,,,1,,,,,1,1,,,,,,2017,,
ja,19,2017-07-05 00:00:00,,,PEARY SPIRIT,ONS,Mongstad,,,1,,,1,,1,,,,,,,2017,,
ja,20,2017-07-05 00:00:00,,,RIDGEBURY ALICE M,ONS,Sture,,,1,,,,,1,1,,,,,,2017,,
ja,21,2017-07-05 00:00:00,,,NANSEN SPIRIT,AMU,Crew Change,,,,,6,1,,,,1,200,12,,"CREW CHANGE, SOUTH OF STATFJORD 100 NM WEST N60*49,8' E002*04,6' Totalt 200 NM",2017,,
ja,22,2017-07-05 00:00:00,,,MINERVA ATLANTICA,AMU,Kårstø,,,1,,,,,,1,,,,,,2017,,
ja,23,2017-07-06 00:00:00,,,SEIPEM 7000,AMU,Los øvrig,,,1,,,1,,,,,,,,"RØVÆRFJORDEN 2 LOSER TIL HELGANES, ENHD",2017,,
ja,24,2017-07-06 00:00:00,,,ESTHER SPIRIT,AMU,Sture,,,1,,,,,1,1,,,,,Båten går til Sture,2017,,
ja,25,2017-07-06 00:00:00,,,ASTRO POLARIS,ODO,Mongstad,,,1,,,,,1,1,,,,,Båten kom fra Mongstad,2017,,
ja,26,2017-07-07 00:00:00,,,SKS DRIVA,AMU,Mongstad,,,1,,,,,,1,,,,,Båten kom fra Mongstad,2017,,
ja,27,2017-07-07 00:00:00,,,BW OSPREY,TJA,Melkøya,,,1,,,,,,1,,,,,,2017,,
ja,28,2017-07-08 00:00:00,,,OSLO TS,AMU,Kårstø,,,1,,,,,,1,,,,,,2017,,
ja,29,2017-07-08 00:00:00,,,Esther Spirit ,AMU,Sture,,,1,,,,,,1,,,,,Tur 30 og 31 er båt til båt,2017,,
ja,30,2017-07-08 00:00:00,,,MATTERHORN SPIRIT,AMU,Sture,,,1,,,,,,1,,,,,,2017,,
ja,31,2017-07-08 00:00:00,,,ARCTIC AURORA,TJA,Melkøya,,,1,,,,,,1,,,,,,2017,,
ja,32,2017-07-08 00:00:00,,,BW OSPREY,TJA,Melkøya,,,1,,,,,,1,,,,,,2017,,
ja,33,2017-07-09 00:00:00,,,MATTERHORN SPIRIT,WEN,Sture,,,1,,,,,1,1,,,,,,2017,,
ja,34,2017-07-09 00:00:00,,,KAREN KNUTSEN,EON,Mongstad,,,1,,,,,1,1,,,,,,2017,,
ja,35,2017-07-09 00:00:00,,,INGRID KNUTSEN,AMU,Sture,,,1,,,1,,1,,,,,,,2017,,
ja,36,2017-07-09 00:00:00,,,ARCTIC VOYAGER,TJA,Melkøya,,,1,,,,,,1,,,,,,2017,,
ja,37,2017-07-09 00:00:00,,,ARCTIC AURORA,TJA,Melkøya,,,1,,,,,,1,,,,,,2017,,
ja,38,2017-07-10 00:00:00,,,INGRID KNUTSEN,ODO,Sture,,,1,,,1,,1,,,,,,,2017,,
ja,39,2017-07-11 00:00:00,,,CLIPPER JUPITER,TJA,Melkøya,,,1,,,,,,1,,,,,,2017,,
ja,40,2017-07-11 00:00:00,,,NAVIG8 PRIDE,ODO,Mongstad,,,1,,,,,,1,,,,,,2017,,
ja,41,2017-07-11 00:00:00,,,AFFINITY V,AMU,Mongstad,,,1,,,,,1,1,,,,,,2017,,
ja,42,2017-07-11 00:00:00,,,EAGLE BERGEN,MÆL,Mongstad,,,1,,,1,,1,,,,,,,2017,,
ja,43,2017-07-11 00:00:00,,,ARCTIC PRINCESS,TJA,Melkøya,,,1,,,,,,1,,,,,,2017,,
ja,44,2017-07-11 00:00:00,,,SCARABEO 5,EON,Los øvrig,,,1,118,,1,,1,,,,,,"Plattform inn til Florø, 2 Los",2017,,
ja,45,2017-07-12 00:00:00,,,LIGOVSKY PROSPECT,EON,Sture,,,1,,,,,1,1,,,,,,2017,,
ja,46,2017-07-13 00:00:00,,,OSLO TS,BRE,Kårstø,,,1,,,,,1,1,,,,,,2017,,
ja,47,2017-07-13 00:00:00,,,ARCTIC PRINCESS,HUS,Melkøya,,,1,,,,,,1,,,,,2017-07-13 00:00:00,2017,,
ja,48,2017-07-13 00:00:00,,,LIGOVSKY PROSPECT,BRE,Sture,,,1,,,,,,1,,,,,Tur 49 og 50 er båt til båt,2017,,
ja,49,2017-07-13 00:00:00,,,SOLA TS,BRE,Sture,,,1,,,,,1,1,,,,,,2017,,
ja,50,2017-07-13 00:00:00,,,EAGLE BERGEN,MÆL,Mongstad,,,1,,,1,,1,,,,,,,2017,,
ja,51,2017-07-13 00:00:00,,,AFFINITIY V,MÆL,Mongstad,,,1,,,,,1,1,,,,,,2017,,
ja,52,2017-07-13 00:00:00,,,ADVANTAGE ARROW,FRØ,Kårstø,,,1,,,,,,1,,,,,Los hentet på Sola,2017,,
ja,53,2017-07-14 00:00:00,,,SOLA TS,FRØ,Sture,,,1,,,,,1,1,,,,,,2017,,
ja,54,2017-07-14 00:00:00,,,NAVIG8 PRIDE,FRØ,Mongstad,,,1,,,,,1,1,,,,,,2017,,
ja,55,2017-07-15 00:00:00,,,SMYRNI,BRÆ,Mongstad,,,1,,,,,1,1,,,,,,2017,,
ja,56,2017-07-15 00:00:00,,,ARCTIC LADY,HUS,Melkøya,,,1,,,,,,1,,,,,,2017,,
ja,57,2017-07-15 00:00:00,,,FOUR WIND,BRÆ,Sture,,,1,,,,,1,1,,,,,,2017,,
ja,58,2017-07-16 00:00:00,,,SMYRNI,FRØ,Mongstad,,,1,,,,,,1,,,,,BÅT TIL BÅT,2017,,
ja,59,2017-07-16 00:00:00,,,ALICANTE,FRØ,Mongstad,,,1,,,,,,1,,,,,BÅT TIL BÅT,2017,,
ja,60,2017-07-16 00:00:00,,,CLIPPER JUPITER,FRØ,Kårstø,,,1,,,,,1,1,,,,,,2017,,
ja,61,2017-07-16 00:00:00,,,FOUR WIND,FRØ,Sture,,,1,,,,,1,1,,,,,,2017,,
ja,62,2017-07-17 00:00:00,,,ALICANTE,SBR,Mongstad,,,1,,,,,1,1,,,,,,2017,,
ja,63,2017-07-17 00:00:00,,,CLIPPER JUPITER,FRØ,Kårstø,,,1,,,,,,1,,,,,,2017,,
ja,64,2017-07-17 00:00:00,,,ARCTIC LADY,HUS,Melkøya,,,1,,,,,,1,,,,,,2017,,
ja,65,2017-07-17 00:00:00,,,SEAQUEEN,MÆL,Mongstad,,,1,,,,,1,1,,,,,,2017,,
ja,66,2017-07-18 00:00:00,,,SEAQUEEN,MÆL,Mongstad,,,1,,,1,,,,,,,,BÅT TIL BÅT,2017,,
ja,67,2017-07-18 00:00:00,,,NORDIC APOLLO,MÆL,Sture,,,1,,,,,,1,,,,,BÅT TIL BÅT,2017,,
ja,68,2017-07-19 00:00:00,,,EAGLE BARENTS,HUS,Crew Change,,,,,8,1,,,,1,32,10,,ENHF-EAGLE BARENTS-ENHF 4PAX UT / 4 PAX INN,2017,,
ja,69,2017-07-19 00:00:00,,,NORDIC APOLLO,FRØ,Sture,,,1,,,,,1,1,,,,,,2017,,
ja,70,2017-07-20 00:00:00,,,SOLA TS,FRØ,Mongstad,,,1,,,,,1,1,,,,,,2017,,
ja,71,2017-07-20 00:00:00,,,MARATON TS,MÆL,Mongstad,,,1,,,,,1,1,,,,,,2017,,
ja,72,2017-07-21 00:00:00,,,ADVANTAGE ARROW,FRØ,Kårstø,,,1,,,,,,1,,,,,,2017,,
ja,73,2017-07-21 00:00:00,,,THIALF,FRØ,Los øvrig,,,1,,,1,,,,,,,,"SKIPET SKAL TIL ÅMØYFJORDEN, MEN LOSPUNKTET ER DET SAMME SOM KÅRSTØ.",2017,,
ja,74,2017-07-21 00:00:00,,,SOLA TS,FRØ,Mongstad,,,1,,,,,2,1,,,,,,2017,,
ja,75,2017-07-21 00:00:00,,,MATTERHORN SPIRIT,MÆL,Sture,,,1,,,,,2,1,,,,,Venter Fedje til neste båt,2017,,
ja,76,2017-07-22 00:00:00,,,MARATHON TS,MÆL,Mongstad,,,1,,,,,,1,,,,,,2017,,
ja,77,2017-07-22 00:00:00,,,ARCTIC DISCOVERER,HUS,Melkøya,,,1,,,,,,1,,,,,,2017,,
ja,78,2017-07-22 00:00:00,,,ARIADNE ,MÆL,Mongstad,,,1,,,,,,1,,,,,,2017,,
ja,79,2017-07-22 00:00:00,,,PHANTENON TS,BRÆ,Mongstad,,,1,,,,,1,1,,,,,,2017,,
x,80,2017-07-22 00:00:00,,,TRANSOCEAN BARENTS ,FRØ,Los øvrig,,,,,,,,,,,,,,VED GRIP/KRISTIANSUND. KANSELLERT PGA TÅKE. DEI KANSELLERTE SJØLV.,2017,,
ja,81,2017-07-22 00:00:00,,,MATTERHORN SPIRIT,FRØ,Sture,,,1,,,,,,1,,,,,BÅT TIL BÅT,2017,,
ja,82,2017-07-22 00:00:00,,,DUBAI BEAUTY,FRØ,Mongstad,,,1,,,,,,1,,,,,BÅT TIL BÅT,2017,,
ja,83,2017-07-23 00:00:00,,,ARCTIC DISCOVERER,HUS,Melkøya,,,1,,,,,,1,,,,,,2017,,
ja,84,2017-07-23 00:00:00,,,SANSOVINO,FRØ,Kårstø,,,1,,,,,,1,,,,,,2017,,
ja,85,2017-07-23 00:00:00,,,BW ARIES,FRØ,Kårstø,,,1,,,,,,1,,,,,,2017,,
x,86,2017-07-23 00:00:00,,,DUBAI BEAUTY,FRØ,Sture,,,,,,,,,,,,,,MISTET PGA HAVTÅKE.,2017,,
ja,87,2017-07-24 00:00:00,,,OSLO TS,FRØ,Kårstø,,,1,,,,,,1,,,,,,2017,,
ja,88,2017-07-24 00:00:00,,,MAERSK PROSPER,FRØ,Sture,,,1,,,,,1,1,,,,,,2017,,
ja,89,2017-07-24 00:00:00,,,BW ARIES,FRØ,Kårstø,,,1,,,,,,1,,,,,,2017,,
ja,90,2017-07-25 00:00:00,,,THIALF,FRØ,Los øvrig,,,1,,,1,,1,,,,,,ÅMØYFJORDEN. SAMME LOSPUNKT SOM KÅRSTØ. LOS SATT AV PÅ SOLA.,2017,,
ja,91,2017-07-25 00:00:00,,,MOSCOWSKY PROSPECT,FRØ,Sture,,M,1,,,,,1,1,,,,,,2017,,
ja,92,2017-07-25 00:00:00,,,ARIADNE ,FRØ,Mongstad,,,1,,,,,1,1,,,,,,2017,,
ja,93,2017-07-25 00:00:00,,,PHARTENON TS,FRØ,Mongstad,,,1,,,,,1,1,,,,,SATTE LOS AV PÅ MV KNOKKE. MEDFØRTE INGEN EKSTRA TID.,2017,,
ja,94,2017-07-25 00:00:00,,,NORDIC ANNE,FRØ,Mongstad,,,1,,,,,1,1,,,,,,2017,,
ja,95,2017-07-26 00:00:00,,,MOSCOWSKY PROSPECT,VLO,Sture,,,1,,,,,,1,,,,,BÅT TIL BÅT,2017,,
ja,96,2017-07-26 00:00:00,,,SOLVIKEN,VLO,Mongstad,,,1,,,,,,1,,,,,BÅT TIL BÅT,2017,,
ja,97,2017-07-26 00:00:00,,,MAERSK PROSPER,SBR,Sture,,,1,,,,,,1,,,,,BÅT TIL BÅT,2017,,
ja,98,2017-07-26 00:00:00,,,ADVENTURE AVENUE,SBR,Sture,,,1,,,,,,1,,,,,BÅT TIL BÅT,2017,,
ja,99,2017-07-26 00:00:00,,,SM OSPREY,MÆL,Melkøya,,,1,,,,,,1,,,,,1 ekstra hoist for trening,2017,,
ja,100,2017-07-26 00:00:00,,,ADVANTAGE AVENUE,BRÆ,Sture,,,1,,,,,1,1,,,,,,2017,,
ja,101,2017-07-27 00:00:00,,,SOLVIKEN,LOO,Sture,,,1,,,,,1,1,,,,,,2017,,
ja,102,2017-07-27 00:00:00,,,CHRISTOPHE DE MARGERIE,GUN,Melkøya,,,1,,,,,,1,,,,,,2017,,
ja,103,2017-07-27 00:00:00,,,SM OSPREY,GUN,Melkøya,,,1,,,,,,1,,,,,,2017,,
ja,104,2017-07-28 00:00:00,,,ANGELICA SCHULTE,LUB,Sture,,,1,,,,,1,1,,,,,,2017,,
ja,105,2017-07-28 00:00:00,,,BODIL KNUTSEN,ONS,Mongstad,,,1,,,1,,1,,,,,,,2017,,
ja,106,2017-07-28 00:00:00,,,SANSOVINO,ONS,Kårstø,,,1,,,,,,1,,,,,,2017,,
x,107,2017-07-29 00:00:00,,,NORDIC ANNE,LOO,Mongstad,,,,,,,,,,,,,,BÅT TATT MED LOSSKØYTE PGA LYNAKTIVITET RUNDT FLESLAND,2017,,
ja,108,2017-07-29 00:00:00,,,CHRISTOPHE DE MARGERIE,GUN,Melkøya,,,1,,,,,,1,,,,,,2017,,
x,109,2017-07-29 00:00:00,,,ANGELICA SCHULTE,LOO,Sture,,,,,,,,,,,,,,BÅT TATT MED LOSSKØYTE PGA LYNAKTIVITET RUNDT FLESLAND,2017,,
ja,110,2017-07-29 00:00:00,,,DUBAI CHARM,LOO,Sture,,,1,,,,,1,1,,,,,,2017,,
ja,111,2017-07-30 00:00:00,,,LYRIC MAGNOLIA,LUN,Sture,,1,1,,,,,,1,,,,,,2017,,
ja,112,2017-07-29 00:00:00,,,GASHEM BREMEN,GUN,Melkøya,,,1,,,,,,1,,,,,Fikk ikke ført denne turen inn i skjemat umiddelbart etter endt tur (midnatt) . Systemet var låst av annen bruker!,2017,,
ja,113,2017-07-30 00:00:00,,,ARCTIC PRINCESS,GUN,Melkøya,,,1,,,,,,1,,,,,,2017,,
ja,114,2017-07-30 00:00:00,,,DUBAI CHARM,ONS,Sture,,,1,,,,,1,1,,,,,,2017,,
ja,115,2017-07-31 00:00:00,,,GASHEM BREMEN,GUN,Melkøya,,,1,,,,,,1,,,,,,2017,,
ja,116,2017-07-31 00:00:00,,,BODIL KNUTSEN,LOO,Mongstad,,,1,,,1,,1,,,,,,,2017,,
ja,117,2017-08-01 00:00:00,,,SCF BALTICA,ONS,Nyhamna,,,1,,,,,,1,,,,,ONA WEST,2017,,
ja,118,2017-08-01 00:00:00,,,SAFE ZAPHYRE,ONS,Nyhamna,,,1,,,1,,,,,,,,"RIGG 10 NM NW AV KRISTIANSUND,  2 Los",2017,,
ja,119,2017-08-01 00:00:00,,,NAVION ANGLIA,LUN,Crew Change,,,,,9,1,,,,1,60,12,,SHIP 30NM W OF BR 5PAX OUT 4PAX INN,2017,,
ja,120,2017-08-01 00:00:00,,,LYRIC MAGNOLIA,ONS,Mongstad,,,1,,,,,1,1,,,,,,2017,,
ja,121,2017-08-01 00:00:00,,,ARCTIC PRINCESS,GUN,Melkøya,,,1,,,,,,1,,,,,,2017,,
ja,122,2017-08-02 00:00:00,,,MOSCOWSKY PROSPECT,LUN,Kårstø,,,1,,,,,1,1,,,,,,2017,,
ja,123,2017-08-02 00:00:00,,,SCF BALTICA,LUN,Nyhamna,,,1,,,,,,1,,,,,,2017,,
ja,124,2017-08-03 00:00:00,,,SILVERWAY,ONS,Mongstad,,,1,,,,,1,1,,,,,,2017,,
ja,125,2017-08-03 00:00:00,,,MATTERHORN SPIRIT,LUN,Fedje,,,1,,,,,1,1,,,,,,2017,,
ja,126,2017-08-04 00:00:00,,,MATTERHORN SPIRIT,LUN,Sture,,,1,,,,,1,1,,,,,,2017,,
ja,127,2017-08-04 00:00:00,,,MINERVA ATLANTICA,ONS,Mongstad,,,1,,,,,2,1,,,,,,2017,,
ja,128,2017-08-05 00:00:00,,,SILVERWAY,ONS,Mongstad,,,1,,,,,,1,,,,,BÅT TIL BÅT,2017,,
ja,129,2017-08-05 00:00:00,,,SN OLIVIA,ONS,Mongstad,,,1,,,,,,1,,,,,BÅT TIL BÅT,2017,,
ja,130,2017-08-05 00:00:00,,,AFFINITY V,LUN,Sture,,,1,,,,,1,1,,,,,,2017,,
ja,131,2017-08-06 00:00:00,,,MINERVA ATLANTICA,LUN,Sture,,,1,,,,,1,1,,,,,,2017,,
ja,132,2017-08-06 00:00:00,,,OSLO TS,LUN,Mongstad,,,1,,,,,1,1,,,,,,2017,,
ja,133,2017-08-06 00:00:00,,,ARCTIC AURORA,LOO,Melkøya,,,1,,,,,,1,,,,,,2017,,
ja,134,2017-08-06 00:00:00,,,KRASNODAR,ONS,Mongstad,,,1,,,,,,1,,,,,,2017,,
ja,135,2017-08-06 00:00:00,,,SN OLIVIA,ONS,Mongstad,,,1,,,,,,1,,,,,,2017,,
ja,136,2017-08-06 00:00:00,,,MOSCOWSKY PROSPECT,LUN,Kårstø,,,1,,,,,,1,,,,,LANG TUR PGA PROBLEMER MED OXH,2017,,
ja,137,2017-08-06 00:00:00,,,AFFINITY V,ONS,Sture,,,1,,,,,1,1,,,,,,2017,,
ja,138,2017-08-07 00:00:00,,,PTI RHINE,LUN,Mongstad,,,1,,,,,1,1,,,,,,2017,,
ja,139,2017-08-07 00:00:00,,,KRASNODAR,LUN,Sture,,,1,,,,,1,1,,,,,,2017,,
ja,140,2017-08-08 00:00:00,,,ARCTIC AURORA,GUN,Melkøya,,,1,,,,,,1,,,,,,2017,,
ja,141,2017-08-08 00:00:00,,,NANSEN SPIRIT,MOH,Mongstad,,,1,,,1,,1,,,,,,,2017,,
ja,142,2017-08-08 00:00:00,,,ADVANTAGE ARROW,MOH,Sture,,,1,,,,,1,1,,,,,,2017,,
ja,143,2017-08-09 00:00:00,,,PTI RHINE,LUN,Mongstad,,,1,,,,,,1,,,,,BÅT TIL BÅT,2017,,
ja,144,2017-08-09 00:00:00,,,STI MADISON,LUN,Mongstad,,,1,,,,,,1,,,,,BÅT TIL BÅT,2017,,
ja,145,2017-08-09 00:00:00,,,SEAQUEEN,AMU,Mongstad,,,1,,,1,,1,,,,,,,2017,,
ja,146,2017-08-09 00:00:00,,,EAGLE BERGEN,AMU,Crew Change,,,,,8,1,,,,1,66,11,,Total airborn time 00:38 4 pax out 4 pax in,2017,,
ja,147,2017-08-09 00:00:00,,,ADVANTAGE ARROW,AMU,Sture,,,1,,,,,1,1,,,,,,2017,,
ja,148,2017-08-09 00:00:00,,,ISLAND INNOVATOR,AMU,Los øvrig,,,1,,,1,,,,,,,,"Rigglanding.  Hadde også med en liten pakke fra agenten. 20x40x50 cm 14 kg, 2 Losene ble med til Flesland",2017,,
ja,149,2017-08-10 00:00:00,,,STENA ALEXITA,CTJ,Mongstad,,,1,,,1,,2,,,,,,,2017,,
ja,150,2017-08-10 00:00:00,,,NANSEN SPIRIT,CTJ,Mongstad,,,1,,,1,,2,,,,,,2 LANDINGER Fedje pga snag,2017,,
ja,151,2017-08-10 00:00:00,,,CLIPPER SUN,CTJ,Kårstø,,,1,,,,,,1,,,,,,2017,,
ja,152,2017-08-10 00:00:00,,,SEAQUEEN,CTJ,Mongstad,,,1,,,1,,1,,,,,,,2017,,
ja,153,2017-08-10 00:00:00,,,ADVANTAGE AVENUE,CTJ,Sture,,,1,,,,,1,1,,,,,,2017,,
ja,154,2017-08-11 00:00:00,,,ARCTIC VOYAGER,ODO,Melkøya,,,1,,,,,,1,,,,,,2017,,
ja,155,2017-08-11 00:00:00,,,ADVENTAGE AVENU,AMU,Sture,,,1,,,,,,1,,,,,BÅT BÅT FLYTTES TIL PARTHENON TS,2017,,
ja,156,2017-08-11 00:00:00,,,PARTHENON TS,AMU,Sture,,,1,,,,,,1,,,,,FRA ADVENTAGE AVENU,2017,,
ja,157,2017-08-11 00:00:00,,,STENA ALEXITA,AMU,Mongstad,,,1,,,1,,,,,,,,BÅT BÅT FLYTTES TIL STENA ALEXITA,2017,,
ja,158,2017-08-11 00:00:00,,,MINERVA LIBRA,AMU,Mongstad,,,1,,,,,,1,,,,,FRA STENA ALEXITA,2017,,
ja,159,2017-08-11 00:00:00,,,CLIPPER SUN,AMU,Kårstø,,,1,,,,,,1,,,,,,2017,,
ja,160,2017-08-12 00:00:00,,,OSLO TS,AMU,Kårstø,,,1,,,,,,1,,,,,Hentet los på Helganes,2017,,
ja,161,2017-08-12 00:00:00,,,MATTERHORN SPIRIT,CTJ,Sture,,,1,,,,,1,1,,,,,,2017,,
ja,162,2017-08-12 00:00:00,,,STI MADISON,CTJ,Mongstad,,,1,,,,,,1,,,,,162 OG 163 FLYDD I FORLENGELSE AV HVERANDRE,2017,,
ja,163,2017-08-12 00:00:00,,,CLIPPER JUPITER,CTJ,Mongstad,,,1,,,,,,1,,,,,,2017,,
ja,164,2017-08-12 00:00:00,,,MINERVA LIBRA,AMU,Sture,,,1,,,,,1,1,,,,,,2017,,
ja,165,2017-08-12 00:00:00,,,PARTHENON TS,AMU,Mongstad,,,1,,,,,1,1,,,,,,2017,,
ja,166,2017-08-13 00:00:00,,,ARCTIC LADY,ODO,Melkøya,,,1,,,,,,1,,,,,,2017,,
ja,167,2017-08-13 00:00:00,,,MATTERHORN SPIRIT,CTJ,Sture,,,1,,,,,1,1,,,,,,2017,,
ja,168,2017-08-14 00:00:00,,,CLIPPER JUPITER,CTJ,Mongstad,,,1,,,,,1,1,,,,,,2017,,
ja,169,2017-08-14 00:00:00,,,AFFINITY V,CTJ,Sture,,,1,,,,,,1,,,,,LOS HENTET PÅ STURE HELIPAD,2017,,
ja,170,2017-08-15 00:00:00,,,GENMAR MANIATE,AMU,Mongstad,,,1,,,,,1,1,,,,,,2017,,
ja,171,2017-08-15 00:00:00,,,AFFINITY V,AMU,Sture,,,1,,,,,1,1,,,,,16 MINUTTER FORSINKET PGA STARTPROBLEMER PÅ LN-OXJ,2017,,
ja,172,2017-08-15 00:00:00,,,MAERSK PROSPER,CTJ,Sture,,,1,,,,,2,1,,,,,,2017,,
ja,173,2017-08-16 00:00:00,,,OSLO TS,CTJ,Kårstø,,,1,,,,,,1,,,,,,2017,,
ja,174,2017-08-16 00:00:00,,,EAGLE BARENTS,FRØ,Crew Change,,,,,1,1,,,,1,78,10,,POS N 7107 E2239  1. PAX UT,2017,,
ja,175,2017-08-16 00:00:00,,,GENMAR MANIATE,ONS,Mongstad,,,1,,,,,,1,,,,,BÅT TIL BÅT,2017,,
ja,176,2017-08-16 00:00:00,,,DELTA IOS,ONS,Sture,,,1,,,,,,1,,,,,BÅT TIL BÅT,2017,,
ja,177,2017-08-17 00:00:00,,,ARCTIC LADY,FRØ,Melkøya,,,1,,,,,,1,,,,,BÅT TIL BÅT,2017,,
ja,178,2017-08-17 00:00:00,,,BW HAWK,FRØ,Melkøya,,,1,,,,,,1,,,,,BÅT TIL BÅT,2017,,
ja,179,2017-08-17 00:00:00,,,MAERSK PROSPER,HUS,Sture,,,1,,,,,1,1,,,,,,2017,,
ja,180,2017-08-17 00:00:00,,,SCF PIONER,ONS,Sture,,,1,,,,,1,1,,,,,,2017,,
ja,181,2017-08-18 00:00:00,,,DELTA IOS,HUS,Mongstad,,,1,,,,,,1,,,,,BÅT TIL BÅT,2017,,
ja,182,2017-08-18 00:00:00,,,SEA HOPE,HUS,Mongstad,,,1,,,,,,1,,,,,BÅT TIL BÅT,2017,,
ja,183,2017-08-18 00:00:00,,,BW HAWK,DOB,Melkøya,,,1,,,,,,1,,,,,,2017,,
ja,184,2017-08-18 00:00:00,,,NARMADA SPIRIT,HUS,Sture,,,1,,,,,1,1,,,,,,2017,,
ja,185,2017-08-19 00:00:00,,,KAREN KNUTSEN,HUS,Mongstad,,,1,,,,,1,1,,,,,,2017,,
ja,186,2017-08-19 00:00:00,,,SEA HOPE,HUS,Mongstad,,,1,,,,,,1,,,,,BÅT TIL BÅT,2017,,
ja,187,2017-08-19 00:00:00,,,BODIL KNUTSEN,HUS,Mongstad,,,1,,,1,,,,,,,,BÅT TIL BÅT LANDING HELI-DECK,2017,,
ja,188,2017-08-19 00:00:00,,,EAGLE BARENTS,BRÆ,Crew Change,,,,,4,1,,,,1,78,5,,"POS: 7109N02247E, 4 PAX I RETUR TIL HFT, GAC HFT faktura referansenr: 33124",2017,,
ja,189,2017-08-20 00:00:00,,,NARMADA SPIRIT,ONS,Sture,,,1,,,,,,1,,,,,,2017,,
ja,190,2017-08-20 00:00:00,,,KAREN KNUTSEN,BAC,Mongstad,,,1,,,,,1,1,,,,,,2017,,
ja,191,2017-08-20 00:00:00,,,SCF PIONEER,BAC,Mongstad,,,1,,,,,1,1,,,,,,2017,,
ja,192,2017-08-20 00:00:00,,,MATTERHORN SPIRIT,HUS,Mongstad,,,1,,,,,1,1,,,,,,2017,,
ja,193,2017-08-20 00:00:00,,,AFFINITY V,ONS,Mongstad,,,1,,,,,1,1,,,,,,2017,,
ja,194,2017-08-21 00:00:00,,,ARCTIC PRINCESS,FRØ,Melkøya,,,1,,,,,,1,,,,,,2017,,
ja,195,2017-08-21 00:00:00,,,CARAVELLE,BAC,Kårstø,,,1,,,,,,1,,,,,,2017,,
ja,196,2017-08-22 00:00:00,,,CLIPPER JUPITER,FRØ,Melkøya,,,1,,,,,,1,,,,,,2017,,
ja,197,2017-08-22 00:00:00,,,ARCTIC PRINCESS,FRØ,Melkøya,,,1,,,,,,1,,,,,,2017,,
ja,198,2017-08-21 00:00:00,,,MATTERHORN SPIRIT,AMU,Sture,,,1,,,,,1,1,,,,,,2017,,
ja,199,2017-08-22 00:00:00,,,OSLO TS,AMU,Kårstø,,,1,,,,,,1,,,,,,2017,,
ja,200,2017-08-22 00:00:00,,,SAIPEM 7000,AMU,Los øvrig,,,1,,,1,,,,,,,,"Stord er destinasjon, 2 Los",2017,,
ja,201,2017-08-22 00:00:00,,,AFFINITY V,AMU,Mongstad,,,1,,,,,1,1,,,,,,2017,,
ja,202,2017-08-22 00:00:00,,,SEARANGER,BAC,Sture,,,1,,,,,,1,,,,,Hentet LOS på STURE helipad,2017,,
ja,203,2017-08-23 00:00:00,,,CLIPPER JUPITER,BRÆ,Melkøya,,,1,,,,,,1,,,,,,2017,,
ja,204,2017-08-23 00:00:00,,,CARAVELLE,BAC,Kårstø,,,1,,,,,,1,,,,,,2017,,
ja,205,2017-08-23 00:00:00,,,ENDEAVOUR,BAC,Mongstad,,,1,,,,,1,1,,,,,,2017,,
ja,206,2017-08-23 00:00:00,,,INGRID KNUTSEN,BAC,Mongstad,,,1,,,1,,1,,,,,,,2017,,
ja,207,2017-08-23 00:00:00,,,SEARANGER,OHN,Sture,,,1,,,,,1,1,,,,,,2017,,
ja,208,2017-08-25 00:00:00,,,ENDEAVOUR,LOO,Mongstad,,,1,,,,,1,1,,,,,,2017,,
ja,209,2017-08-25 00:00:00,,,INGRID KNUTSEN,LOO,Mongstad,,,1,,,1,,1,,,,,,,2017,,
ja,210,2017-08-25 00:00:00,,,STI VENETO,HUS,Mongstad,,,1,,,,,1,1,,,,,,2017,,
ja,211,2017-08-25 00:00:00,,,URAGA PRINCESS,LOO,Sture,,,1,,,,,1,1,,,,,,2017,,
ja,212,2017-08-26 00:00:00,,,ARCTIC DISCOVERER,LUN,Melkøya,,,1,,,,,1,1,,,,,,2017,,
ja,213,2017-08-27 00:00:00,,,URAGA PRINCESS,HUS,Sture,,,1,,,,,,1,,,,,BÅT-BÅT,2017,,
ja,214,2017-08-27 00:00:00,,,NS BURGAS,HUS,Sture,,,1,,,,,1,1,,,,,BÅT-BÅT,2017,,
ja,215,2017-08-27 00:00:00,,,EAGLE BARENTS,LOO,Mongstad,,,1,,,1,,2,,,,,,,2017,,
ja,216,2017-08-27 00:00:00,,,PETROJARL,LOO,Los øvrig,,,1,,,1,,,,,,,,,2017,,
ja,217,2017-08-27 00:00:00,,,BRITISH EMERALD,LUN,Melkøya,,,1,,,,,,1,,,,,,2017,,
ja,218,2017-08-28 00:00:00,,,NAVION SCANDIA,LOO,Mongstad,,,1,,,1,,2,,,,,,,2017,,
ja,219,2017-08-28 00:00:00,,,NS BURGAS,LOO,Sture,,,1,,,,,1,1,,,,,,2017,,
ja,220,2017-08-28 00:00:00,,,AFFINITY V,LOO,Mongstad,,,1,,,,,1,1,,,,,,2017,,
ja,221,2017-08-28 00:00:00,,,BW MINDORO,LOO,Kårstø,,,1,,,,,,1,,,,,,2017,,
ja,222,2017-08-28 00:00:00,,,NAVION BRITTANIA,WEN,Crew Change,,,,,6,1,,,,1,46,10,,"POS: 60.13.09N 004.27.63E, 3 PAX UT, 3 PAX INN, FALCK AGENCIE",2017,,
ja,223,2017-08-28 00:00:00,,,EAGLE BARENTS,BRÆ,Mongstad,,,1,,,1,,,,,,,,Båt til Båt,2017,,
ja,224,2017-08-28 00:00:00,,,CHEROKEE,BRÆ,Mongstad,,,1,,,,,,1,,,,,Båt til Båt,2017,,
ja,225,2017-08-28 00:00:00,,,BRITISH EMERALD,LUN,Melkøya,,,1,,,,,,1,,,,,,2017,,
ja,226,2017-08-29 00:00:00,,,BODIL KNUTSEN,DOB,Sture,,,1,,,1,,1,,,,,,,2017,,
ja,227,2017-08-29 00:00:00,,,TURMOIL,DOB,Nyhamna,,,1,,,,,,1,,,,,Los tur til Ålesund,2017,,
ja,228,2017-08-29 00:00:00,,,MATTERHORN SPIRIT,DOB,Mongstad,,,1,,,,,1,1,,,,,,2017,,
ja,229,2017-08-30 00:00:00,,,AFFINITY V,DOB,Mongstad,,,1,,,,,1,1,,,,,,2017,,
ja,230,2017-08-30 00:00:00,,,STI VENETO,DOB,Sture,,,1,,,,,1,1,,,,,Båt til Båt til EAGLE BERGEN,2017,,
ja,231,2017-08-30 00:00:00,,,EAGLE BERGEN,DOB,Mongstad,,,1,,,,,1,1,,,,,Båt til Båt frå STI VENETO,2017,,
ja,232,2017-08-30 00:00:00,,,CHEROKEE,DOB,Mongstad,,,1,,,,,1,1,,,,,Båt til Båt til HAFNIA ASIA,2017,,
ja,233,2017-08-30 00:00:00,,,HAFNIA ASIA,DOB,Sture,,,1,,,,,,1,,,,,Båt til Båt frå CHEROKEE,2017,,
ja,234,2017-08-30 00:00:00,,,SAIPEM 7000,LOO,Los øvrig,,,1,,,1,,,,,,,,2 Los,2017,,
ja,235,2017-08-30 00:00:00,,,NAVION SCANDIA,ONS,Mongstad,,,1,,,1,,1,,,,,,,2017,,
ja,236,2017-08-31 00:00:00,,,MATTERHORN SPIRIT,ONS,Sture,,,1,,,,,1,1,,,,,,2017,,
ja,237,2017-08-31 00:00:00,,,STAVANGER TS,DOB,Mongstad,,,1,,,,,1,1,,,,,,2017,,
ja,238,2017-08-31 00:00:00,,,EAGLE BERGEN,DOB,Mongstad,,,1,,,1,,1,,,,,,,2017,,
ja,239,2017-08-31 00:00:00,,,BW MINDORO,DOB,Kårstø,,,1,,,,,,1,,,,,Båt til båt,2017,,
ja,240,2017-08-31 00:00:00,,,LEONTIOS H,DOB,Kårstø,,,1,,,,,,1,,,,,Båt til båt,2017,,
ja,241,2017-08-31 00:00:00,,,OSLO TS,ONS,Kårstø,,,1,,,,,,1,,,,,,2017,,
ja,242,2017-09-01 00:00:00,,,EAGLE BARENTS,DOB,Mongstad,,,1,,,1,,1,,,,,,,2017,,
ja,243,2017-09-01 00:00:00,,,STAVANGER TS,DOB,Mongstad,,,1,,,,,1,1,,,,,,2017,,
ja,244,2017-09-01 00:00:00,,,NANSEN SPIRIT,AMU,Crew Change,,,,,10,1,,,,1,80,11,,"80 NM T/R  3 PAX UT / 7 RETUR POS: N60:01,5 E004:01,5 FALCK AGENCIES",2017,,
ja,245,2017-09-01 00:00:00,,,MINERVA ATLANTICA,ONS,Sture,,,1,,,,,1,1,,,,,,2017,,
ja,246,2017-09-02 00:00:00,,,CLIPPER JUPITER,DOB,Mongstad,,,1,,,,,1,1,,,,,,2017,,
ja,247,2017-09-02 00:00:00,,,HAFNIA ASIA,DOB,Mongstad,,,1,,,,,1,1,,,,,,2017,,
ja,248,2017-09-02 00:00:00,,,EAGLE BARENTS,WEN,Mongstad,,,1,,,1,,,,,,,,,2017,,
ja,249,2017-09-02 00:00:00,,,ARCTIC DISCOVERER,LEI,Melkøya,,,1,,,,,,1,,,,,båt til båt,2017,,
ja,250,2017-09-02 00:00:00,,,BW OSPREY,LEI,Melkøya,,,1,,,,,,1,,,,,båt til båt,2017,,
ja,251,2017-09-02 00:00:00,,,MINERVA ATLANTICA,AMU,Sture,,,1,,,,,1,1,,,,,,2017,,
ja,252,2017-09-03 00:00:00,,,FLOATEL ENDURANCE,LEI,Los øvrig,,,1,47,,1,,,,,,,,"Rigg til Rypefjord, 2 Los",2017,,
ja,253,2017-09-03 00:00:00,,,CLIPPER JUPITER,DOB,Mongstad,,,1,,,,,1,1,,,,,,2017,,
ja,254,2017-09-03 00:00:00,,,FLOATEL ENDURANCE,LEI,Los øvrig,,,1,22,,1,,,,,,,,"Fra rigg i Rypefjord til Hammerfest, 2 Los",2017,,
ja,255,2017-09-04 00:00:00,,,KAREN KNUTSEN,AMU,Mongstad,,,1,,,,,1,1,,,,,,2017,,
ja,256,2017-09-05 00:00:00,,,HILDA KNUTSEN,CTJ,Crew Change,,,,,6,1,,,,1,82,10,,"82NM T/R 3 PAX UT/ 3 PAX INN, POS N71.13,6 E022.25,7, FALCK",2017,,
ja,257,2017-09-05 00:00:00,,,SEAQUEEN,DOB,Mongstad,,,1,,,,,1,1,,,,,,2017,,
ja,258,2017-09-06 00:00:00,,,NAVE PULSAR,DOB,Mongstad,,,1,,,,,,1,,,,,,2017,,
ja,259,2017-09-06 00:00:00,,,ARCTIC  PRINCESS,CTJ,Melkøya,,,1,,,,,,1,,,,,,2017,,
ja,260,2017-09-06 00:00:00,,,SEAQUEEN,FRØ,Sture,,,1,,,,,,1,,,,,BÅT TIL BÅT,2017,,
ja,261,2017-09-06 00:00:00,,,MATTERHORN SPIRIT,FRØ,Sture,,,1,,,,,,1,,,,,BÅT TIL BÅT,2017,,
ja,262,2017-09-06 00:00:00,,,BW OSPREY,BAC,Melkøya,,,1,,,,,,1,,,,,,2017,,
ja,263,2017-09-07 00:00:00,,,BODIL KNUTSEN,FRØ,Crew Change,,,,,8,1,,,,1,64,10,,"64 nm t/r. 4 pax ut/4 pax inn pos: N60.26,8 E004.14,7",2017,,
ja,264,2017-09-07 00:00:00,,,ARTIC PRINCESS,BAC,Melkøya,,,1,,,,,,1,,,,,,2017,,
ja,265,2017-09-07 00:00:00,,,MATTERHORN SPIRIT,ONS,Sture,,,1,,,,,2,1,,,,,BÅT TIL BÅT,2017,,
ja,266,2017-09-08 00:00:00,,,SOLA TS,ONS,Sture,,,1,,,,,,1,,,,,BÅT TIL BÅT,2017,,
ja,267,2017-09-08 00:00:00,,,KAREN KNUTSEN,ONS,Mongstad,,,1,,,,,2,1,,,,,,2017,,
ja,268,2017-09-08 00:00:00,,,NAVE PULSAR,FRØ,Mongstad,,,1,,,,,1,1,,,,,,2017,,
ja,269,2017-09-08 00:00:00,,,PELAGOS,HUS,Mongstad,,,1,,,,,1,1,,,,,,2017,,
ja,270,2017-09-08 00:00:00,,,SOLA TS,FRØ,Sture,,,1,,,,,1,1,,,,,,2017,,
ja,271,2017-09-08 00:00:00,,,THIALF,FRØ,Los øvrig,,,1,,,1,,,,,,,,"HENTET PÅ SKUDEFJORDEN, 2 Los",2017,,
ja,272,2017-09-09 00:00:00,,,BLUE PRIDE,FRØ,Sture,,,1,,,,,2,1,,,,,,2017,,
ja,273,2017-09-10 00:00:00,,,PELAGOS,FRØ,Mongstad,,,1,,,,,1,1,,,,,,2017,,
ja,274,2017-09-10 00:00:00,,,LEONTIOS H,HUS,Kårstø,,,1,,,,,,1,,,,,,2017,,
ja,275,2017-09-10 00:00:00,,,BLACKCOMB SPIRIT,FRØ,Kårstø,,,1,,,,,,1,,,,,,2017,,
ja,276,2017-09-10 00:00:00,,,GREEN PLANET,FRØ,Mongstad,,,1,,,,,1,1,,,,,,2017,,
ja,277,2017-09-10 00:00:00,,,BLUE PRIDE,FRØ,Sture,,,1,,,,,,1,,,,,BÅT TIL BÅT,2017,,
ja,278,2017-09-10 00:00:00,,,PEARY SPIRIT,FRØ,Mongstad,,,1,,,1,,,,,,,,BÅT TIL BÅT,2017,,
ja,279,2017-09-11 00:00:00,,,ARCTIC LADY,BAC,Melkøya,,,1,,,,,,1,,,,,,2017,,
ja,280,2017-09-11 00:00:00,,,FLOATEL SUPERIOR,BRÆ,Los øvrig,,,1,,,1,,,,,,,,"BÅT TIL BÅT, KOM FRÅ SLØVÅG, 2 Los",2017,,
ja,281,2017-09-11 00:00:00,,,AFFINITY V,BRÆ,Sture,,,1,,,,,1,1,,,,,BÅT TIL BÅT,2017,,
ja,282,2017-09-12 00:00:00,,,LIGOVSKY PROSPECT,FRØ,Sture,,,1,,,,,1,1,,,,,,2017,,
ja,283,2017-09-12 00:00:00,,,GREEN PLANET,FRØ,Mongstad,,,1,,,,,1,1,,,,,,2017,,
ja,284,2017-09-12 00:00:00,,,ARCTIC LADY,BAC,Melkøya,,,1,,,,,,1,,,,,,2017,,
ja,285,2017-09-13 00:00:00,,,PEARY SPIRIT,HUS,Mongstad,,,1,,,1,,1,,,,,,,2017,,
ja,286,2017-09-13 00:00:00,,,NANSEN SPIRIT,FRØ,Mongstad,,,1,,,1,,2,,,,,,,2017,,
ja,287,2017-09-13 00:00:00,,,LIGOVSKY PROSPECT,FRØ,Sture,,,1,,,,,,1,,,,,BÅT TIL BÅT,2017,,
ja,288,2017-09-13 00:00:00,,,ADVANTAGE AVENUE,FRØ,Sture,,,1,,,,,,1,,,,,BÅT TIL BÅT,2017,,
ja,289,2017-09-14 00:00:00,,,ADVANTAGE AVENUE,LUN,Sture,,,1,,,,,1,1,,,,,,2017,,
ja,290,2017-09-14 00:00:00,,,NAVIGA8 STRENGHT,OHN,Mongstad,,,1,,,,,1,1,,,,,,2017,,
ja,291,2017-09-14 00:00:00,,,EAGLE BERGEN,OHN,Mongstad,,,1,,,1,,1,,,,,,,2017,,
ja,292,2017-09-14 00:00:00,,,NANSEN SPIRIT,OHN,Mongstad,,,1,,,1,,1,,,,,,,2017,,
ja,293,2017-09-15 00:00:00,,,NORDBAY,ONS,Sture,,,1,,,,,2,1,,,,,,2017,,
ja,294,2017-09-15 00:00:00,,,AFFINITY V,LUN,Mongstad,,,1,,,,,1,1,,,,,,2017,,
ja,295,2017-09-15 00:00:00,,,CLIPPER JUPITER,OHN,Mongstad,,,1,,,,,1,1,,,,,,2017,,
ja,296,2017-09-16 00:00:00,,,NAVIGA8 STRENGHT,ONS,Mongstad,,,1,,,,,2,1,,,,,,2017,,
ja,297,2017-09-16 00:00:00,,,NORDBAY,OHN,Sture,,,1,,,,,,1,,,,,BÅT TIL BÅT,2017,,
ja,298,2017-09-16 00:00:00,,,OSLO TS,OHN,Mongstad,,,1,,,,,1,1,,,,,BÅT TIL BÅT,2017,,
ja,299,2017-09-16 00:00:00,,,EAGLE BERGEN,OHN,Mongstad,,,1,,,1,,,,,,,,BÅT TIL BÅT,2017,,
ja,300,2017-09-16 00:00:00,,,MATTERHORN SPIRIT,OHN,Mongstad,,,1,,,,,,1,,,,,BÅT TIL BÅT,2017,,
ja,301,2017-09-16 00:00:00,,,ARCTIC DISCOVERER,GUN,Melkøya,,,1,,,,,,1,,,,,,2017,,
ja,302,2017-09-16 00:00:00,,,CAPTAIN NICHOLAS,GUN,Melkøya,,,1,,,,,,1,,,,,,2017,,
ja,303,2017-09-16 00:00:00,,,GRENA KNUTSEN,LUN,Mongstad,,,1,,,1,,1,,,,,,,2017,,
ja,304,2017-09-17 00:00:00,,,CLIPPER JUPITER,OHN,Mongstad,,,1,,,,,,1,,,,,BÅT TIL BÅT,2017,,
ja,305,2017-09-17 00:00:00,,,SEARANGER,OHN,Sture,,,1,,,,,,1,,,,,BÅT TIL BÅT,2017,,
ja,306,2017-09-17 00:00:00,,,ARCTIC DISCOVERER,LOO,Melkøya,,,1,,,,,,1,,,,,,2017,,
ja,307,2017-09-17 00:00:00,,,INGRID KNUTSEN,OHN,Mongstad,,,1,,,1,,1,,,,,,,2017,,
ja,308,2017-09-17 00:00:00,,,MATTERHORN SPIRIT,OHN,Mongstad,,,1,,,,,,1,,,,,,2017,,
ja,309,2017-09-18 00:00:00,,,SEARANGER,OHN,Sture,,,1,,,,,,1,,,,,BÅT TIL BÅT,2017,,
ja,310,2017-09-18 00:00:00,,,NS BURGAS,OHN,Mongstad,,,1,,,,,,1,,,,,BÅT TIL BÅT,2017,,
ja,311,2017-09-18 00:00:00,,,INGRID KNUTSEN,OHN,Mongstad,,,1,,,1,,1,,,,,,,2017,,
ja,312,2017-09-18 00:00:00,,,CAPTAIN NICHOLAS,GUN,Melkøya,,,1,,,,,,1,,,,,,2017,,
ja,313,2017-09-18 00:00:00,,,OSLO TS,OHN,Mongstad,,,1,,,,,1,1,,,,,,2017,,
ja,314,2017-09-18 00:00:00,,,FLOATEL SUPERIOR,GUN,Los øvrig,,,1,86,,1,,,,,,,,2 Los,2017,,
ja,315,2017-09-18 00:00:00,,,BLACKCOMB SPIRIT,OHN,Kårstø,,,1,,,,,,1,,,,,,2017,,
ja,316,2017-09-18 00:00:00,,,STI ELYSSES,OHN,Mongstad,,,1,,,,,1,1,,,,,,2017,,
ja,317,2017-09-19 00:00:00,,,ARCTIC PRINCESS,GUN,Melkøya,,,1,,,,,,1,,,,,,2017,,
ja,318,2017-09-19 00:00:00,,,SOLA TS,OHN,Kårstø,,,1,,,,,,1,,,,,,2017,,
ja,319,2017-09-20 00:00:00,,,NS BURGAS,OHN,Sture,,,1,,,,,1,1,,,,,BÅT TIL BÅT,2017,,
ja,320,2017-09-20 00:00:00,,,BLUE PRIDE,OHN,Mongstad,,,1,,,,,,1,,,,,BÅT TIL BÅT,2017,,
ja,321,2017-09-20 00:00:00,,,LENI P,OHN,Mongstad,,,1,,,1,,,,,,,,,2017,,
ja,322,2017-09-20 00:00:00,,,FLOATEL ENDURANCE,VLO,Los øvrig,,,1,45,,1,,,,,,,,2 Los,2017,,
ja,323,2017-09-20 00:00:00,,,EAGLE BERGEN,AMU,Mongstad,,,1,,,1,,1,,,,,,2 Los,2017,,
ja,324,2017-09-21 00:00:00,,,CAPTAIN NICHOLAS,TJA,Kårstø,,,1,,,,,,1,,,,,,2017,,
ja,325,2017-09-21 00:00:00,,,BLUE MARLIN,TJA,Los øvrig,,,1,,,,,1,1,,,,,"ÅGOTNES, 2 Los",2017,,
ja,326,2017-09-21 00:00:00,,,BLUE PRIDE,TJA,Sture,,,1,,,,,1,1,,,,,,2017,,
ja,327,2017-09-21 00:00:00,,,GRENA KNUTSEN,AMU,Fedje,,,1,,,1,,1,,,,,,,2017,,
ja,328,2017-09-21 00:00:00,,,NS CREATION,CTJ,Sture,,,1,,,,,2,1,,,,,,2017,,
ja,329,2017-09-22 00:00:00,,,ARCTIC PRINCESS,WEN,Los øvrig,,,1,,,,,,1,,,,,,2017,,
ja,330,2017-09-22 00:00:00,,,EAGLE BERGEN,LEI,Fedje,,,1,,,1,,1,,,,,,,2017,,
ja,331,2017-09-22 00:00:00,,,LENI P,LEI,Fedje,,,1,,,1,,1,,,,,,,2017,,
ja,332,2017-09-22 00:00:00,,,CAPTAIN NICHOLAS,LEI,Kårstø,,,1,,,,,,1,,,,,LOS til ENHD,2017,,
ja,333,2017-09-22 00:00:00,,,STI ELYSSES,LEI,Fedje,,,1,,,,,1,1,,,,,,2017,,
ja,334,2017-09-23 00:00:00,,,NS CREATION,LEI,Fedje,,,1,,,,,,1,,,,,Båt til Båt,2017,,
ja,335,2017-09-23 00:00:00,,,NS ANTARCTIC,LEI,Fedje,,,1,,,,,1,1,,,,,Båt til Båt,2017,,
ja,336,2017-09-23 00:00:00,,,HAVEN,TJA,Los øvrig,,,1,60,,1,,,,,,,,"RIG VIA FEDJE TIL ÅGOTNES, 2 Los",2017,,
ja,337,2017-09-24 00:00:00,,,NS ANTARCTIC,LEI,Fedje,,,1,,,,,,1,,,,,Båt til Båt stavanger ts,2017,,
ja,338,2017-09-24 00:00:00,,,STAVANGER TS,LEI,Fedje,,,1,,,,,,1,,,,,Båt til båt  ,2017,,
ja,339,2017-09-24 00:00:00,,,ISLAND INNOVATOR,TJA,Los øvrig,,,1,60,,1,,,,,,,,"RIG VIA FEDJE TIL ÅGOTNES, 2 Los",2017,,
ja,340,2017-09-25 00:00:00,,,STAVANGER TS,SBR,Sture,,,1,,,,,1,1,,,,,,2017,,
ja,341,2017-09-26 00:00:00,,,STENA ALEXITA,TJA,Mongstad,,,1,,,1,,1,,,,,,,2017,,
ja,342,2017-09-26 00:00:00,,,BLACKCOMB SPIRIT,TJA,Sture,,,1,,,,,1,1,,,,,,2017,,
ja,343,2017-09-27 00:00:00,,,GRACE COSMOS,WEN,Melkøya,,,1,,,,,,1,,,,,,2017,,
ja,344,2017-09-27 00:00:00,,,BODIL KNUTSEN,MÆL,Crew Change,,,,,6,1,,,,1,52,14,,"52 nm t/r. 3 pax ut/3 pax inn pos: N60.21,9 E004.21,96",2017,,
ja,345,2017-09-27 00:00:00,,,SOLA TS,TJA,Kårstø,,,1,,,,,,1,,,,,,2017,,
ja,346,2017-09-27 00:00:00,,,MATTERHORN SPIRIT,TJA,Kårstø,,,1,,,,,,1,,,,,,2017,,
ja,347,2017-09-28 00:00:00,,,EAGLE LYON,MÆL,Mongstad,,,1,,,,,1,1,,,,,,2017,,
ja,348,2017-09-28 00:00:00,,,BLACKCOMB SPIRIT,MÆL,Sture,,,1,,,,,1,1,,,,,,2017,,
ja,349,2017-09-28 00:00:00,,,MR ARIES,FRØ,Melkøya,,,1,,,,,,1,,,,,,2017,,
ja,350,2017-09-28 00:00:00,65981,,CLIPPER JUPITER,TJA,Mongstad,,,1,,,,,1,1,,,,,,2017,,
ja,351,2017-09-29 00:00:00,65972,,GRACE COSMOS,FRØ,Melkøya,,,1,,,,,,1,,,,,,2017,,
ja,352,2017-09-29 00:00:00,65983,,STENA ALEXITA,BAC,Sture,,,1,,,1,,,,,,,,BÅT til BÅT,2017,,
ja,353,2017-09-29 00:00:00,65984,,MINERVA HELEN,BAC,Sture,,,1,,,,,,1,,,,,BÅT til BÅT,2017,,
ja,354,2017-09-29 00:00:00,66026,,ARCTIC DISCOVERER,FRØ,Melkøya,,,1,,,,,,1,,,,,,2017,,
ja,355,2017-09-30 00:00:00,66143,,MR ARIES,FRØ,Melkøya,,,1,,,,,,1,,,,,,2017,,
ja,356,2017-09-30 00:00:00,65994,,MINERVA HELEN,BAC,Sture,,,1,,,,,1,1,,,,,,2017,,
ja,357,2017-09-30 00:00:00,65996,,CLIPPER JUPITER,BAC,Mongstad,,,1,,,,,1,1,,,,,,2017,,
ja,358,2017-09-30 00:00:00,65995,,SONGA ENDURANCE,AMU,Los øvrig,,,1,,,1,,,,,,,,"Til Hanøytangen 1 PAX RETUR FRA PLATFORM, STATOIL Navn Jimmy Dalstrøm, 60:46,3N 004:27.2E Flight dist. 37NM",2017,,
ja,359,2017-10-01 00:00:00,66268,,EAGLE LYON,TUR,Mongstad,,,1,,,1,,,,,,,,BÅT til BÅT,2017,,
ja,360,2017-10-01 00:00:00,66027,,SKS DELTA,TUR,Los øvrig,,,1,,,,,,1,,,,,BÅT til BÅT,2017,,
ja,361,2017-10-02 00:00:00,,,NANSEN SPIRIT,GUN,Crew Change,,,,,1,1,,1,,1,60,5,,"60 nm t/r. 1 pax ut til pos: N60.15,31 E004.19,4",2017,,
ja,362,2017-10-02 00:00:00,66140,,STAVANGER TS,GUN,Fedje,,,1,,,,,,1,,,,,,2017,,
ja,363,2017-10-02 00:00:00,66003,,ASTRO POLARIS,GUN,Mongstad,,,1,,,,,1,1,,,,,,2017,,
ja,364,2017-10-03 00:00:00,66236,,ARCTIC DISCOVERER,LUN,Melkøya,,,1,,,,,,1,,,,,BÅT TIL BÅT,2017,,
ja,365,2017-10-03 00:00:00,68715/66235,,ARCTIC VOYAGER,LUN,Melkøya,,,1,,,,,,1,,,,,BÅT TIL BÅT,2017,,
ja,366,2017-10-03 00:00:00,66270,,STAVANGER TS,GUN,Sture,,,1,,,,,1,1,,,,,,2017,,
ja,367,2017-10-03 00:00:00,,,NANSEN SPIRIT,GUN,Crew Change,,,,,1,1,,,,1,60,5,,60 nm t/r. 1 pax retur fra pos: N60.16 E004.25,2017,,
ja,368,2017-10-04 00:00:00,66265,,BW MINDORO,GUN,Kårstø,,,1,,,,1,,1,,,,,Grunnet stor sjø ble første forsøk avbrutt. Returnerte til Karmøy i påvente av dagslys.,2017,,
ja,369,2017-10-04 00:00:00,66508,,SKS DELTA,GUN,Mongstad,,,1,,,,,,1,,,,,,2017,,
ja,370,2017-10-04 00:00:00,66301,,ASTRO POLARIS,GUN,Mongstad,,,1,,,,,,1,,,,,,2017,,
ja,371,2017-10-05 00:00:00,66266,,BW MINDORO,GUN,Kårstø,,,1,,,,,,1,,,,,,2017,,
ja,372,2017-10-06 00:00:00,66743,,RIDGEBURY ALICE M,LOO,Sture,,,1,,,,,1,1,,,,,BÅT TIL BÅT,2017,,
ja,373,2017-10-06 00:00:00,66393,,IRIS VICTORIA,LOO,Mongstad,,,1,,,,,,1,,,,,BÅT TIL BÅT,2017,,
ja,374,2017-10-06 00:00:00,66237,,MATTERHORN SPIRIT,GUN,Kårstø,,,1,,,,,,1,,,,,,2017,,
ja,375,2017-10-07 00:00:00,66908,,RIDGEBURY ALICE M,LOO,Sture,,,1,,,,,1,1,,,,,,2017,,
ja,376,2017-10-08 00:00:00,66564,,ARCTIC VOYAGER,OHN,Melkøya,,,1,,,,,,1,,,,,,2017,,
ja,377,2017-10-08 00:00:00,66919,,BLACKCOMB SPIRIT,LOO,Sture,,,1,,,,,1,1,,,,,,2017,,
ja,378,2017-10-08 00:00:00,66702,,BODIL KNUTSEN,LOO,Mongstad,,,1,,,1,,1,,,,,,,2017,,
ja,379,2017-10-08 00:00:00,,,,LOO,Other,,,,,,,,,,,,,,Tur for HRS fra Fedje til Odda/Reinsnos.,2017,,
ja,380,2017-10-08 00:00:00,67010,,IONIC ANASSA,GUN,Sture,,,1,,,,,1,1,,,,,,2017,,
ja,381,2017-10-09 00:00:00,67049,,SANSOVINO,GUN,Kårstø,,,1,,,,,1,1,,,,,,2017,,
ja,382,2017-10-09 00:00:00,66924,,IRIS VICTORIA,GUN,Mongstad,,,1,,,,,1,1,,,,,,2017,,
ja,383,2017-10-09 00:00:00,67080,,LEONTIOS H,GUN,Kårstø,,,1,,,,,1,1,,,,,,2017,,
ja,384,2017-10-09 00:00:00,66999,,BLACKCOMB SPIRIT,LOO,Sture,,,1,,,,,1,1,,,,,,2017,,
ja,385,2017-10-09 00:00:00,,,NAVION OCEANIA,LOO,Crew Change,,,,,14,1,,,,1,48,14,,CREW CHANGE 7 PAX UT 7 PAX INN POS N6014 E00427,2017,,
ja,386,2017-10-09 00:00:00,65612,,SOGNA ENABLER,LUN,Los øvrig,,,1,170,,1,,,,,,,,2 Los,2017,,
ja,387,2017-10-10 00:00:00,67060,,GDF SUEZ POINT FORTIN,LUN,Melkøya,,,1,,,,,,1,,,,,,2017,,
ja,388,2017-10-10 00:00:00,67000,,IONIC ANASSA,GUN,Sture,,,1,,,,,1,1,,,,,Tec log. 44135,2017,,
ja,389,2017-10-10 00:00:00,67268,,SCARABEO 8,GUN,Los øvrig,,,1,107,,1,,,,,,,,2 Los fra ENHD til rigg N6012 E0042 ca. 34 nm t/r vest av Flesland,2017,,
ja,390,2017-10-10 00:00:00,67171,,STAVANGER TS,GUN,Sture,,,1,,,,,1,1,,,,,,2017,,
ja,391,2017-10-10 00:00:00,,,PEARY SPIRIT,LOO,Crew Change,,,,,7,1,,,,1,50,14,,CREW CHANGE 4PAX UT 3 PAX INN POS N6010 E00424,2017,,
ja,392,2017-10-10 00:00:00,67075,,FOUR WIND,LOO,Sture,,,1,,,,,1,1,,,,,,2017,,
ja,393,2017-10-11 00:00:00,67016,,BODIL KNUTSEN,LOO,Mongstad,,,1,,,1,,,,,,,,,2017,,
ja,394,2017-10-11 00:00:00,67332,,DUGI OTOK,LOO,Mongstad,,,1,,,,,,1,,,,,,2017,,
ja,395,2017-10-11 00:00:00,66024,,SONGA EQUINOX,GUN,Los øvrig,,,1,65,,1,,,,,,,,"2 LOS fra Flesland til Fedje vest, lospunkt.",2017,,
ja,396,2017-10-11 00:00:00,65613,,SONGA ENABLER,AMU,Los øvrig,,,1,147,,1,,,,,,,,2 los fra SONGA ENABLER til Tromsø fra vest av Hekkingen 271 nm Airborn 02:22,2017,,
ja,397,2017-10-11 00:00:00,67096,,FOUR WIND,TJA,Sture,,,1,,,,,1,1,,,,,,2017,,
ja,398,2017-10-12 00:00:00,67009,,STENA SIRITA,TJA,Mongstad,,,1,,,1,,,,,,,,"STENA SIRITA, STAVANGER TS OG MOSCOW RIVER FLYDD PÅ EN TUR",2017,,
ja,399,2017-10-12 00:00:00,67338,,STAVANGER TS,TJA,Sture,,,1,,,,,,1,,,,,,2017,,
ja,400,2017-10-12 00:00:00,67195,,MOSCOW RIVER,TJA,Sture,,,1,,,,,1,1,,,,,,2017,,
ja,401,2017-10-12 00:00:00,67360,,DUGI OTOK,TJA,Mongstad,,,1,,,,,1,1,,,,,,2017,,
ja,402,2017-10-12 00:00:00,67312,,CLIPPER JUPITER ,AMU,Melkøya,,,1,,,,,,1,,,,,,2017,,
ja,403,2017-10-12 00:00:00,67258,,ARCTIC PRINCESS,AMU,Melkøya,,,1,,,,,,1,,,,,,2017,,
ja,404,2017-10-12 00:00:00,66352,,TRANSOCEAN SPITSBERGEN,LEI,Los øvrig,,,1,88,,1,,1,,,,,,"2 Los, Bergen-Karmøy-Rigg (5927,6N00446,5E)-Fedje",2017,,
ja,405,2017-10-13 00:00:00,67375,,MOSCOW RIVER,LEI,Fedje,,,1,,,,,,1,,,,,,2017,,
ja,406,2017-10-13 00:00:00,67561,,SEARANGER,LEI,Fedje,,,1,,,,,,1,,,,,,2017,,
ja,407,2017-10-13 00:00:00,67571,,STENA SIRITA,LEI,Fedje,,,1,,,1,,1,,,,,,,2017,,
ja,408,2017-10-13 00:00:00,67273,,ARCTIC PRINCESS,AMU,Melkøya,,,1,,,,,,1,,,,,,2017,,
ja,409,2017-10-14 00:00:00,67518,,EAGLE BERGEN,TJA,Mongstad,,,1,,,1,,1,,,,,,,2017,,
ja,410,2017-10-14 00:00:00,67675,,SEARANGER,TJA,Mongstad,,,1,,,,,1,1,,,,,FLYDD SAMMEN MED 67374,2017,,
ja,411,2017-10-14 00:00:00,67374,,SONGA ENDURANCE,TJA,Los øvrig,,,1,57,,1,,,,,,,,"FLYDD SAMMEN MED 67675, 2 Los",2017,,
ja,412,2017-10-14 00:00:00,67433,,ENERGY CENTURION,TJA,Mongstad,,,1,,,,,1,1,,,,,,2017,,
ja,413,2017-10-15 00:00:00,67801,,ARCTIC AURORA,AMU,Melkøya,,,1,,,,,,1,,,,,,2017,,
ja,414,2017-10-15 00:00:00,67794,,ADVANTAGE ATOM,TJA,Los øvrig,,,1,,,,,,1,,,,,TIL ANKERS I HERVIKSFJORDEN,2017,,
ja,415,2017-10-16 00:00:00,67732,,CLIPPER JUPITER,AMU,Melkøya,,,1,,,,,,1,,,,,,2017,,
ja,416,2017-10-16 00:00:00,67386,,BW LEOPARD,DOB,Los øvrig,,,1,,,,,,1,,,,,Ålesund båt som losen ble med sørover pga TS. Losen ble plukket av west får enhd pos N5853E00411,2017,,
ja,417,2017-10-16 00:00:00,,,NANSEN SPIRIT,TJA,Crew Change,,,,,4,1,,,,1,48,15,,"CREW CHANGE TO NANSEN SPIRIT OFF FLESLAND 1PAX OUT/3 PAX IN, POS N6016 E00425",2017,,
ja,418,2017-10-16 00:00:00,66771,,SANSOVINO,TJA,Kårstø,,,1,,,,,,1,,,,,,2017,,
ja,419,2017-10-17 00:00:00,67884,,ARCTIC DISCOVERER ,AMU,Melkøya,,,1,,,,,,1,,,,,,2017,,
ja,420,2017-10-17 00:00:00,68013,,BLACKCOMB SPIRIT,ODO,Sture,,,1,,,,,,1,,,,,,2017,,
ja,421,2017-10-17 00:00:00,67803,,ENERGY CENTURION,TJA,Mongstad,,,1,,,,,1,1,,,,,,2017,,
ja,422,2017-10-17 00:00:00,67953,,PEARY SPIRIT,TJA,Sture,,,1,,,1,,1,,,,,,,2017,,
ja,423,2017-10-17 00:00:00,67827,44142,BLACKCOMB SPIRIT,TJA,Sture,,,1,,,,,,1,,,,,FLYDD SOM BÅT TIL BÅT MED 67784 RIDGEBURY ALICE,2017,,
ja,424,2017-10-17 00:00:00,67784,44142,RIDGEBURY ALICE M,TJA,Sture,,,1,,,,,,1,,,,,,2017,,
ja,425,2017-10-18 00:00:00,68014,,ARCTIC DISCOVERER,FRØ,Melkøya,,,1,,,,,,1,,,,,,2017,,
ja,426,2017-10-18 00:00:00,67790,43889,EAGLE BERGEN,LEI,Mongstad,,,1,,,1,,1,,,,,,,2017,,
ja,427,2017-10-18 00:00:00,68006,43889,PEARY SPIRIT,LEI,Sture,,,1,,,1,,1,,,,,,,2017,,
ja,428,2017-10-19 00:00:00,68257,43890,STENA ALEXITA,BAC,Mongstad,,,1,,,1,,1,,,,,,8 NM vest av Holmengrå vest. 4 Los,2017,,
ja,429,2017-10-20 00:00:00,68382,,SEACLIPPER,BRÆ,Melkøya,,,1,,,,,,1,,,,,På oddrag,2017,,
ja,430,2017-10-20 00:00:00,68349,43891,MINERVA SOPHIA,BAC,Mongstad,,,1,,,,,1,1,,,,,,2017,,
ja,431,2017-10-20 00:00:00,67785,44143,RIDGEBURY ALICE M,BAC,Sture,,,1,,,,,1,1,,,,,,2017,,
ja,432,2017-10-20 00:00:00,68525,44143,BLUE PRIDE,ONS,Sture,,,1,,,,,2,1,,,,,,2017,,
ja,433,2017-10-21 00:00:00,68123,44144,BRITISH KESTREL,BAC,Sture,,S,1,,,,,,1,,,,,,2017,,
ja,434,2017-10-21 00:00:00,68434,44144,LEONTIOS H,BAC,Mongstad,,,1,,,,,1,1,,,,,,2017,,
ja,435,2017-10-21 00:00:00,68093,,SEACLIPPER,FRØ,Melkøya,,,1,,,,,,1,,,,,,2017,,
ja,436,2017-10-21 00:00:00,68447,44144,NANSEN SPIRIT,BAC,Mongstad,,,1,,,1,,1,,,,,,2 stk LOS,2017,,
ja,437,2017-10-22 00:00:00,68614,44145,BLUE PRIDE,BAC,Sture,,,1,,,,,,1,,,,,Båt til Båt med TARBET SPIRIT,2017,,
ja,438,2017-10-22 00:00:00,68472,44145,TARBET SPIRIT,BAC,Sture,,,1,,,,,1,1,,,,,,2017,,
ja,439,2017-10-22 00:00:00,68588,44145,STENA ALEXITA,HUS,Mongstad,,,1,,,1,,,,,,,,BÅT TIL BÅT MED EAGLE BERGEN,2017,,
ja,440,2017-10-22 00:00:00,68451,44145,EAGLE BERGEN,HUS,Mongstad,,,1,,,1,,,,,,,,,2017,,
ja,441,2017-10-22 00:00:00,68574,44146,NANSEN SPIRIT,HUS,Mongstad,,,1,,,1,,1,,,,,,LOS TIL STURE,2017,,
ja,442,2017-10-22 00:00:00,68575,44146,MINERVA SOPHIA,HUS,Mongstad,,,1,,,,,1,1,,,,,,2017,,
ja,443,2017-10-22 00:00:00,68540,44146,BRITISH KESTREL,HUS,Sture,,,1,,,,,1,1,,,,,,2017,,
ja,444,2017-10-23 00:00:00,67855,44147,SONGA EQUINOX ,BAC,Los øvrig,,,1,63,,1,,,,,,,,RIG landing 2 stk LOS tilbake til Flesland,2017,,
ja,445,2017-10-23 00:00:00,68539,,ARCTIC AURORA,FRØ,Melkøya,,,1,,,,,,1,,,,,,2017,,
ja,446,2017-10-23 00:00:00,68534,44145,CLIPPER JUPITER,BAC,Mongstad,,S,1,,,,,,1,,,,,,2017,,
ja,447,2017-10-23 00:00:00,68533,44147,CLIPPER JUPITER,BAC,Mongstad,,,1,,,,,1,1,,,,,,2017,,
ja,448,2017-10-23 00:00:00,68481,44147,TARBET SPIRIT,HUS,Sture,,,1,,,,,,1,,,,,BÅT TIL BÅT MED STAVANGER TS,2017,,
ja,449,2017-10-23 00:00:00,68261,44147,STAVANGER TS,HUS,Mongstad,,,1,,,,,,1,,,,,,2017,,
ja,450,2017-10-23 00:00:00,68651,44147,EAGLE BERGEN,HUS,Mongstad,,,1,,,1,,1,,,,,,,2017,,
ja,451,2017-10-24 00:00:00,68009,44148,ADVANTAGE ATOM,HUS,Kårstø,,,1,,,,,,1,,,,,,2017,,
ja,452,2017-10-25 00:00:00,68665,44149,STAVANGER TS,BAC,Mongstad,,,1,,,,,1,1,,,,,Båt til Båt med FRONT PUMA,2017,,
ja,453,2017-10-25 00:00:00,68663,44149,FRONT PUMA,BAC,Mongstad,,,1,,,,,,1,,,,,,2017,,
ja,454,2017-10-25 00:00:00,68895,44149,OSLO TS,HUS,Kårstø,,,1,,,,,,1,,,,,,2017,,
ja,455,2017-10-25 00:00:00,,44149,NAVION OCEANIA,BAC,Crew Change,,,,,4,1,,,,1,50,10,,Crew Change 4 ut og 4 inn. Posisjon N60.16 E004.25,2017,,
ja,456,2017-10-25 00:00:00,68777,44149,CAPTAIN NICHOLAS,OHN,Kårstø,,,1,,,,,,1,,,,,,2017,,
ja,457,2017-10-25 00:00:00,68732,44149,GODAVARI SPIRIT,OHN,Sture,,,1,,,,,1,1,,,,,,2017,,
ja,458,2017-10-26 00:00:00,68863,44150,LYRIC MAGNOLIA,GUN,Nyhamna,,,1,,,,,,1,,,,,,2017,,
ja,459,2017-10-26 00:00:00,68986,44150,BLACKCOMB SPIRIT,GUN,Mongstad,,,1,,,,,1,1,,,,,,2017,,
ja,460,2017-10-27 00:00:00,68804,43677,GODAVARI SPIRIT,OHN,Sture,,,1,,,,,1,1,,,,,,2017,,
ja,461,2017-10-27 00:00:00,68925,43650,ARCTIC VOYAGER,LOO,Melkøya,,,1,,,,,,1,,,,,,2017,,
ja,462,2017-10-27 00:00:00,69088,43677,SCOTT SPIRIT,OHN,Sture,,,1,,,1,,1,,,,,,,2017,,
ja,463,2017-10-27 00:00:00,69171,43677,SAMRAA ALKHALEEJ,GUN,Sture,,,1,,,,,1,1,,,,,,2017,,
ja,464,2017-10-28 00:00:00,69160,43678,BLACKCOMB SPIRIT,GUN,Mongstad,,,1,,,,,1,1,,,,,,2017,,
ja,465,2017-10-28 00:00:00,69186,43678,CAPTAIN NICHOLAS,OHN,Kårstø,,,1,,,,,,1,,,,,,2017,,
ja,466,2017-10-28 00:00:00,69134,43678,ELIAS TSAKOS,OHN,Mongstad,,,1,,,,,1,1,,,,,,2017,,
ja,467,2017-10-28 00:00:00,69188,43678,SCOTT SPIRIT,OHN,Sture,,,1,,,,,1,1,,,,,,2017,,
x,468,2017-10-29 00:00:00,,43651,GDF SUEZ POINT FORTIN,LUN,Melkøya,,,,,,,1,,,,,,,ABORTED DUE TO FAULTY WINCH,2017,,
ja,469,2017-10-29 00:00:00,69172,43679,SAMRAA ALKHALEEJ,GUN,Sture,,,1,,,,,,1,,,,,,2017,,
ja,470,2017-10-30 00:00:00,69420,43680,ELIAS TSAKOS,GUN,Mongstad,,,1,,,,,,1,,,,,,2017,,
ja,471,2017-10-30 00:00:00,69298,43680,IZUMO PRINCESS,GUN,Sture,,,1,,,,,,1,,,,,Båt til båt med ELIAS TSAKOS,2017,,
ja,472,2017-10-30 00:00:00,68851,43681,FRONT PUMA,GUN,Mongstad,,,1,,,,,1,1,,,,,,2017,,
ja,473,2017-10-31 00:00:00,69194,43682,SKS DODA,OHN,Mongstad,,,1,,,,,1,1,,,,,,2017,,
ja,474,2017-10-31 00:00:00,69466,43682,STAVANGER TS,TUR,Mongstad,,,1,,,,,1,1,,,,,,2017,,
ja,475,2017-10-31 00:00:00,69672,43682,BRITISH COUNCILLOR,TUR,Kårstø,,,1,,,,,,1,,,,,,2017,,
ja,476,2017-10-31 00:00:00,69302,43682,IZUMO PRINCESS,TUR,Sture,,,1,,,,,1,1,,,,,,2017,,
ja,477,2017-10-31 00:00:00,69652,43683,TRANSOCEAN SPITSBERGEN,OHN,Los øvrig,,,1,120,,1,,,,,,,,"2  LOS, 2 PAX MED FRA RIGG TIL FLESLAND (2 drakter tatt med fra Flesland)",2017,,
x,478,2017-10-31 00:00:00,69613,43683,ELIAS TSAKOS,GUN,Sture,,,,,,,1,,,,,,,ABORTED DUE TO WX,2017,,
ja,479,2017-11-01 00:00:00,69729,43684,ELIAS TSAKOS,OHN,Sture,,,1,,,,,1,1,,,,,,2017,,
ja,480,2017-11-01 00:00:00,69663,43684,GDF SUEZ POINT FORTIN,OHN,Melkøya,,,1,,,,,,1,,,,,TATT LOS FRA HAMMERFEST I LAND SØR WEST AV SOTRA,2017,,
ja,481,2017-11-01 00:00:00,69300,43892,LYRIC MAGNOLIA,TUR,Nyhamna,,,1,,,,,,1,,,,,,2017,,
ja,482,2017-11-01 00:00:00,69755,43684,TS OSLO,OHN,Kårstø,,,1,,,,,,1,,,,,,2017,,
ja,483,2017-11-02 00:00:00,69553,43685,STAVANGER TS,OHN,Mongstad,,,1,,,,,1,1,,,,,,2017,,
ja,484,2017-11-02 00:00:00,,43685,,OHN,Other,,,,,,,,,,,,,,"HRS- Henting av dykkere, kanselert når vi annkom NLA base i Bergen. Rotor running 30 min Air time 13 min",2017,,
ja,485,2017-11-02 00:00:00,69614,43685,ELIAS TSAKOS ,AMU,Sture,,,1,,,,,,1,,,,,LOS FRA ELIAS TSAKOS TIL OSLO TS,2017,,
ja,486,2017-11-02 00:00:00,69808,43685,OSLO TS,AMU,Mongstad,,,1,,,,,,1,,,,,"LOS FRA ELIAS TSAKOS TIL OSLO TS.  Losen ramlet på dekk, ga tommel OK! ifølge HO. ",2017,,
ja,487,2017-11-02 00:00:00,69101,43685,RIDGEBURY ALICE M,WEN,Sture,,,1,,,,,1,1,,,,,,2017,,
ja,488,2017-11-03 00:00:00,69554,43686,SKS DODA,AMU,Mongstad,,,1,,,,,1,1,,,,,,2017,,
ja,489,2017-11-03 00:00:00,69603,43653,ARTIC PRINCESS,LEI,Melkøya,,,1,,,,,,1,,,,,,2017,,
ja,490,2017-11-03 00:00:00,69307,43653,ARTIC VOYAGER,LEI,Melkøya,,,1,,,,,,1,,,,,,2017,,
ja,491,2017-11-03 00:00:00,69841,43686,BRITISH COUNCILLOR,HUS,Kårstø,,,1,,,,,,1,,,,,,2017,,
x,492,2017-11-04 00:00:00,70136,43687,CRIMSOM PEARL,WEN,Mongstad,,,,,,,1,1,,,,,,Aborted due to small winch area and exessive movements on ship,2017,,
ja,493,2017-11-04 00:00:00,69853,43687,RIDGEBURY ALICE M,WEN,Sture,,,1,,,,,1,1,,,,,,2017,,
ja,494,2017-11-04 00:00:00,70148,43688,CRIMSON PEARL,AMU,Mongstad,,,1,,,,,1,1,,,,,Forsøk 2 etter avbrutt pga store bevegelser på natt.  Heiste midskip.,2017,,
ja,495,2017-11-04 00:00:00,70061,43688,CLIPPER STAR,AMU,Mongstad,,,1,,,,,1,1,,,,,,2017,,
ja,496,2017-11-04 00:00:00,70135,43688,OSLO TS,AMU,Sture,,S,1,,,,,,1,,,,,Satte LOS av på Sture,2017,,
ja,497,2017-11-04 00:00:00,69822,43688,MINERVA ELEONORA,HUS,Kårstø,,,1,,,,,,1,,,,,,2017,,
ja,498,2017-11-05 00:00:00,,43689,PEARY SPIRIT,WEN,Crew Change,,,,,1,1,,,,1,60,6,,Crew change 0 ut og 1 inn. Posisjon N60.17 E 004.26,2017,,
ja,499,2017-11-04 00:00:00,69519,43654,TRANSOCEAN SPITSBERGEN,DOB,Los øvrig,,,1,529,,1,,,,,,,,"Ferry ENHF -ENST  Flytid 04:48/04:08  ENST-SHIP 00:15 /00:10  SHIP-ENHF 03:46/03:11  Landingsavgift 2landinger entc,2landinger enbo og 1 landing enst.",2017,,
ja,500,2017-11-06 00:00:00,69809,43656,MERIDIAN SPIRIT,DOB,Melkøya,,,1,,,,,,1,,,,,,2017,,
ja,501,2017-11-06 00:00:00,70226,43690,CRIMSON PEARL,HUS,Mongstad,,,1,,,,,1,1,,,,,,2017,,
ja,502,2017-11-06 00:00:00,70238,43690,CLIPPER STAR,WEN,Mongstad,,,1,,,,,1,1,,,,,,2017,,
ja,503,2017-11-07 00:00:00,70252,43657,ARCTIC DISCOVERER,DOB,Melkøya,,,1,,,,,,1,,,,,,2017,,
ja,504,2017-11-08 00:00:00,70262,,THOMAS ZAFIRAS,WEN,Mongstad,,,1,,,,,1,1,,,,,,2017,,
ja,505,2017-11-08 00:00:00,70335,43658,PACIFIC WEIHAI,DOB,Melkøya,,,1,,,,,,1,,,,,båt til båt,2017,,
ja,506,2017-11-08 00:00:00,70335,43658,MERIDIAN SPIRIT,DOB,Melkøya,,,1,,,,,,1,,,,,båt til båt,2017,,
ja,507,2017-11-10 00:00:00,70339,43659,PACIFIC WEIHAI,BAC,Melkøya,,,1,,,,,,1,,,,,,2017,,
ja,508,2017-11-10 00:00:00,70470,43659,MINERVA JOY,ÅMÆ,Melkøya,,,1,,,,,,1,,,,,,2017,,
ja,509,2017-11-10 00:00:00,70565,,THOMAS ZAFIRAS,FRØ,Sture,,,1,,,,,,1,,,,,BÅT TIL BÅT,2017,,
ja,510,2017-11-10 00:00:00,70574,,INGRID KNUTSEN,FRØ,Sture,,,1,,,,,1,1,,,,,BÅT TIL BÅT,2017,,
ja,511,2017-11-10 00:00:00,70911,,MARINE EXPRESS,FRØ,Nyhamna,,,1,,,,,,1,,,,,Los fra Ålesund. Ble først hentet utenfor Jæren dagen etter pga torden i området. Los flydd til ENHD,2017,,
ja,512,2017-11-10 00:00:00,70766,,NS ARCTIC,FRØ,Kårstø,,,1,,,,,,1,,,,,,2017,,
ja,513,2017-11-10 00:00:00,70035,,MINERVA ELEONORA,FRØ,Kårstø,,,1,,,,,,1,,,,,BÅT TIL BÅT,2017,,
ja,514,2017-11-10 00:00:00,70910,,CLIPPER JUPITER,FRØ,Kårstø,,,1,,,,,,1,,,,,BÅT TIL BÅT,2017,,
ja,515,2017-11-10 00:00:00,70568,,ELIAS TSAKOS,FRØ,Sture,,,1,,,,,1,1,,,,,,2017,,
ja,516,2017-11-11 00:00:00,72246,43660,MINERVA JOY,BAC,Melkøya,,,1,,,,,,1,,,,,BÅT TIL BÅT  (bestilling over e-post sent for seint på 22.11.17),2017,,
ja,517,2017-11-11 00:00:00,70432,,CLIPPER JUPITER,FRØ,Kårstø,,,1,,,,,1,1,,,,,,2017,,
ja,518,2017-11-11 00:00:00,70925,,INGRID KNUTSEN,FRØ,Sture,,,1,,,1,,1,,,,,,,2017,,
ja,519,2017-11-12 00:00:00,70964,,ELIAS TSAKOS,FRØ,Sture,,,1,,,,,1,1,,,,,,2017,,
ja,520,2017-11-12 00:00:00,70928,,MATTERHORN SPIRIT,TJA,Sture,,,1,,,,,1,1,,,,,,2017,,
ja,521,2017-11-13 00:00:00,71043,,PACIFIC WEIHAI,TJA,Kårstø,,,1,,,,,,1,,,,,,2017,,
ja,522,2017-11-13 00:00:00,70504,,ARTIC DISCOVERER,BAC,Melkøya,,,1,,,,,,1,,,,,,2017,,
ja,523,2017-11-14 00:00:00,70930,,MATTERHORN SPIRIT,TJA,Sture,,,1,,,,,,1,,,,,LOS SATT AV PÅ STURE,2017,,
ja,524,2017-11-14 00:00:00,71100,,PACIFIC WEIHAI,FRØ,Kårstø,,,1,,,,,,1,,,,,,2017,,
ja,525,2017-11-15 00:00:00,71152,,BLUE PRIDE,TJA,Sture,,,1,,,,,1,1,,,,,,2017,,
ja,526,2017-11-15 00:00:00,71330,,BODIL KNUTSEN,LUN,Mongstad,,,1,,,1,,1,,,,,,,2017,,
ja,527,2017-11-16 00:00:00,71154,,BLUE PRIDE,LOO,Sture,,,1,,,,,,1,,,,,BÅT TIL BÅT,2017,,
ja,528,2017-11-16 00:00:00,71356,,EAGLE BARENTS,LOO,Sture,,,1,,,1,,,,,,,,BÅT TIL BÅT,2017,,
ja,529,2017-11-16 00:00:00,71220,43699,STENA ALEXITA,LOO,Mongstad,,,1,,,1,,1,,,,,,,2017,,
ja,530,2017-11-17 00:00:00,71482,43700,BODIL KNUTSEN,LOO,Mongstad,,,1,,,,,,1,,,,,BÅT TIL BÅT,2017,,
ja,531,2017-11-17 00:00:00,71301,43700,THOMAS ZAFIRAS,LOO,Mongstad,,,1,,,,,,1,,,,,BÅT TIL BÅT,2017,,
ja,532,2017-11-17 00:00:00,71577,43700,EAGLE BARENTS,LOO,Sture,,,1,,,,,1,1,,,,,,2017,,
ja,533,2017-11-17 00:00:00,71590,43662,ARCTIC PRINCESS,GUN,Melkøya,,,1,,,,,,1,,,,,,2017,,
ja,534,2017-11-18 00:00:00,71829,43701,ARENDAL,LUN,Mongstad,,,1,,,,,1,1,,,,,,2017,,
ja,535,2017-11-18 00:00:00,71746,43701,STENA ALEXITA,LOO,Mongstad,,,1,,,,,,1,,,,,BÅT TIL BÅT,2017,,
ja,536,2017-11-18 00:00:00,71769,43701,THOMAS ZAFIRAS,LOO,Mongstad,,,1,,,,,1,1,,,,,BÅT TIL BÅT,2017,,
ja,537,2017-11-19 00:00:00,71808,43702,OSLO TS,LUN,Mongstad,,,1,,,,,1,1,,,,,,2017,,
ja,538,2017-11-19 00:00:00,71899,43702,STENA DON,LOO,Los øvrig,,,1,,,,,1,1,,,,,2 Los,2017,,
ja,539,2017-11-19 00:00:00,71873,43702,NS ARCTIC,LOO,Kårstø,,,1,,,,,,1,,,,,BÅT TIL BÅT,2017,,
ja,540,2017-11-19 00:00:00,71465,43702,SEAQUEEN,LOO,Kårstø,,,1,,,,,,1,,,,,BÅT TIL BÅT,2017,,
ja,541,2017-11-19 00:00:00,71793,43702,HILDA KNUTSEN,LOO,Mongstad,,,1,,,1,,1,,,,,,,2017,,
ja,542,2017-11-21 00:00:00,71916,43895,OSLO TS,LUN,Mongstad,,,1,,,,,,1,,,,,BÅT TIL BÅT,2017,,
ja,543,2017-11-21 00:00:00,71893,43895,NS ARCTIC,LUN,Mongstad,,,1,,,,,,1,,,,,BÅT TIL BÅT,2017,,
ja,544,2017-11-21 00:00:00,68838,43895,HAWK,LOO,Los øvrig,,,1,,,1,,,,,,,,2 Los,2017,,
ja,545,2017-11-21 00:00:00,71958,43895,HILDA KNUTSEN,LOO,Mongstad,,,1,,,1,,,,,,,,BÅT TIL BÅT,2017,,
ja,546,2017-11-21 00:00:00,71951,43895,LEONTIOS H,LOO,Mongstad,,,1,,,,,,1,,,,,BÅT TIL BÅT,2017,,
ja,547,2017-11-21 00:00:00,71911,43703,BARCELONA SPIRIT,LOO,Sture,,,1,,,,,1,1,,,,,,2017,,
ja,548,2017-11-21 00:00:00,72114,43703,AFFINITY V,LOO,Sture,,,1,,,,,,1,,,,,,2017,,
ja,549,2017-11-22 00:00:00,71896,43663,ARCTIC AURORA,GUN,Melkøya,,,1,,,,,,1,,,,,,2017,,
ja,550,2017-11-22 00:00:00,71950,43704,ENERGY CENTURION,OHN,Mongstad,,,1,,,,,,1,,,,,BÅT TIL BÅT,2017,,
ja,551,2017-11-22 00:00:00,72070,43704,NS ARCTIC,OHN,Mongstad,,,1,,,,,,1,,,,,BÅT TIL BÅT,2017,,
ja,552,2017-11-22 00:00:00,72164,43704,AFFINITY V,LOO,Sture,,,1,,,,,1,1,,,,,,2017,,
ja,553,2017-11-22 00:00:00,72154,43704,BARCELONA SPIRIT,LOO,Sture,,,1,,,,,1,1,,,,,,2017,,
ja,554,2017-11-23 00:00:00,72156,43705,LEONTIOS H,LEI,Mongstad,,,1,,,,,,1,,,,,,2017,,
ja,555,2017-11-23 00:00:00,72280,43705,BLUE PRIDE,LEI,Sture,,,1,,,,,,1,,,,,,2017,,
ja,556,2017-11-24 00:00:00,72321,43706,FRONT LYNX,LEI,Sture,,,1,,,,,1,1,,,,,,2017,,
ja,557,2017-11-24 00:00:00,72408,43706,BLUE PRIDE,LEI,Sture,,,1,,,,,1,1,,,,,,2017,,
ja,558,2017-11-24 00:00:00,72667,43664,ARCTIC AURORA,TJA,Melkøya,,,1,,,,,,1,,,,,Los hentet utenfor Sørøya ca. 4 timer for sent på grunn av vær. Total blocktid 1:54/ flytid 1:23,2017,,
ja,559,2017-11-25 00:00:00,72203,43665,ARCTIC LADY,TJA,Melkøya,,,1,,,,,,1,,,,,,2017,,
ja,560,2017-11-26 00:00:00,72670,43707,ENERGY CENTAUR,AMU,Mongstad,,,1,,,,,1,1,,,,,,2017,,
ja,561,2017-11-26 00:00:00,72654,43707,FRONT LYNX,AMU,Sture,,,1,,,,,1,1,,,,,,2017,,
ja,562,2017-11-26 00:00:00,72722,43707,BW MINDORO,AMU,Kårstø,,,1,,,,,,1,,,,,,2017,,
ja,563,2017-11-26 00:00:00,72297,43897,FRONT CHEETAH,LEI,Mongstad,,,1,,,,,1,1,,,,,,2017,,
ja,564,2017-11-27 00:00:00,72764,43898,INGRID KNUTSEN,LEI,Mongstad,,,1,,,1,,1,,,,,,,2017,,
ja,565,2017-11-27 00:00:00,72809,43898,KRONVIKEN,LEI,Mongstad,,,1,,,,,1,1,,,,,,2017,,
ja,566,2017-11-28 00:00:00,71195,43898,DEEPSEA ATLANTIC,LEI,Los øvrig,,,1,84,,1,,,,,,,,2 Los,2017,,
ja,567,2017-11-29 00:00:00,72193,43666,ARCTIC LADY,TJA,Melkøya,,,1,,,,,,1,,,,,,2017,,
ja,568,2017-11-29 00:00:00,73003,43899,SEAQUEEN,DOB,Kårstø,,,1,,,,,,1,,,,,,2017,,
ja,569,2017-11-29 00:00:00,72888,43899,KRONVIKEN,DOB,Mongstad,,,1,,,,,,1,,,,,,2017,,
ja,570,2017-11-29 00:00:00,72744,43899,RIDGEBURY ALICE M,DOB,Sture,,,1,,,,,1,1,,,,,,2017,,
ja,571,2017-11-29 00:00:00,72942,43900,SEAQUEEN,DOB,Mongstad,,,1,,,,,,1,,,,,,2017,,
ja,572,2017-11-29 00:00:00,72041,43900,DOCKWISE WHITE MARLIN,DOB,Los øvrig,,,1,,,1,,,,,,,,2 Los,2017,,
ja,573,2017-11-29 00:00:00,72891,43900,INGRID KNUTSEN,SBR,Sture,,,1,,,1,,1,,,,,,,2017,,
ja,574,2017-11-29 00:00:00,68590,43726,ASKELADDEN,SBR,Los øvrig,,,,,,,,,,,,,,"Turen vart kansellert 5 min før me var framme, kvitsøy var enige i at den skulle fakturerast som vanleg.",2017,,
ja,575,2017-11-30 00:00:00,72778,43727,FRONT CHEETAH,FRØ,Mongstad,,S,1,,,,,,1,,,,,,2017,,
ja,576,2017-11-30 00:00:00,72745,43727,RIDGEBURY ALICE M,SBR,Sture,,,1,,,,,,1,,,,,RIGDEBURY ALICE M BLEI SATT OVER PÅ MINERVA NOUNOU,2017,,
ja,577,2017-11-30 00:00:00,73195,43727,MINERVA NOUNOU,SBR,Sture,,,1,,,,,1,1,,,,,,2017,,
ja,578,2017-11-30 00:00:00,73170,43727,STAVANGER TS,SBR,Mongstad,,,1,,,,,,1,,,,,,2017,,
ja,579,2017-11-30 00:00:00,71196,43727,DEEP SEA ATLANTIC,SBR,Los øvrig,,,1,19,,1,,,,,,,,"2 Los, RIGG UTGÅANDE I KORSFJORDEN",2017,,
ja,580,2017-11-30 00:00:00,72683,43728,STI BROADWAY,FRØ,Mongstad,,,1,,,,,1,1,,,,,,2017,,
ja,581,2017-11-30 00:00:00,73013,43728,BERGEN TS,FRØ,Kårstø,,,1,,,,,,1,,,,,,2017,,
ja,582,2017-12-01 00:00:00,73004,43729,PEARY SPIRIT,FRØ,Mongstad,,,1,,,1,,1,,,,,,,2017,,
ja,583,2017-12-01 00:00:00,73217,43729,SEAQUEEN,FRØ,Mongstad,,,1,,,,,1,1,,,,,,2017,,
ja,584,2017-12-01 00:00:00,73047,43729,MINERVA NOUNOU,SBR,Sture,,,1,,,,,1,1,,,,,,2017,,
ja,585,2017-12-01 00:00:00,73244,43729,STAVANGER TS,SBR,Mongstad,,,1,,,,,1,1,,,,,,2017,,
ja,586,2017-12-01 00:00:00,73253,43729,MATTERHORN SPIRIT,SBR,Sture,,,1,,,,,1,1,,,,,,2017,,
ja,587,2017-12-02 00:00:00,73461,43731,AFFINITY V,FRØ,Sture,,,1,,,,,1,1,,,,,,2017,,
ja,588,2017-12-02 00:00:00,73051,43731,COMET,FRØ,Mongstad,,,1,,,,,1,1,,,,,,2017,,
ja,589,2017-12-03 00:00:00,73394,43731,MATTERHORN SPIRIT,FRØ,Sture,,,1,,,,,1,1,,,,,,2017,,
ja,590,2017-12-03 00:00:00,73369,43731,PEARY SPIRIT,FRØ,Mongstad,,,1,,,1,,,,,,,,BÅT TIL BÅT,2017,,
ja,591,2017-12-03 00:00:00,73335,43731,GERAKAS,FRØ,Mongstad,,,1,,,,,,1,,,,,BÅT TIL BÅT,2017,,
ja,592,2017-12-03 00:00:00,73148,43667,ARCTIC VOYAGER,HUS,Melkøya,,,1,,,,,,1,,,,,,2017,,
ja,593,2017-12-03 00:00:00,73451,43732,AFFINITY V,SBR,Sture,,,1,,,,,1,1,,,,,,2017,,
ja,594,2017-12-03 00:00:00,73376,43667,CAPTAIN NICHOLAS,HUS,Melkøya,,,1,,,,,,1,,,,,,2017,,
ja,595,2017-12-03 00:00:00,73360,43733,CLIPPER JUPITER,SBR,Mongstad,,,1,,,,,1,1,,,,,,2017,,
ja,596,2017-12-04 00:00:00,73570,43733,COMET,SBR,Mongstad,,,1,,,,,1,1,,,,,,2017,,
ja,597,2017-12-04 00:00:00,73336,43734,GERAKAS,MÆL,Mongstad,,,1,,,,,1,1,,,,,,2017,,
ja,598,2017-12-04 00:00:00,73565,43668,ARCTIC VOYAGER,GUN,Melkøya,,,1,,,,,,1,,,,,BÅT TIL BÅT,2017,,
ja,599,2017-12-04 00:00:00,73218,43668,TORM AMALIE,GUN,Melkøya,,,1,,,,,,1,,,,,BÅT TIL BÅT,2017,,
ja,600,2017-12-04 00:00:00,73361,43733,CLIPPER JUPITER,SBR,Mongstad,,,1,,,,,1,1,,,,,BÅT TIL BÅT,2017,,
ja,601,2017-12-04 00:00:00,73439,43733,ANTONIS,SBR,Mongstad,,,1,,,,,,1,,,,,BÅT TIL BÅT,2017,,
ja,602,2017-12-05 00:00:00,73452,43734,STI BROADWAY,SBR,Mongstad,,,1,,,,,,1,,,,,BÅT TIL BÅT,2017,,
ja,603,2017-12-05 00:00:00,73611,43734,SEAQUEEN,SBR,Mongstad,,,1,,,,,1,1,,,,,BÅT TIL BÅT,2017,,
ja,604,2017-12-05 00:00:00,73687,43734,CLIPPER JUPITER,SBR,Kårstø,,,1,,,,,,1,,,,,,2017,,
ja,605,2017-12-05 00:00:00,73593,43669,CAPTAIN NICHOLAS,GUN,Melkøya,,,1,,,,,,1,,,,,,2017,,
ja,606,2017-12-06 00:00:00,73684,43735,ANTONIS,FRØ,Mongstad,,,1,,,,,1,1,,,,,,2017,,
x,607,2017-12-06 00:00:00,73778,,SEAQUEEN,SBR,Sture,,,,,,,1,,,,,,,BÅTEN BLEI TATT MED LOS SKØYTE GRUNNET TETT TÅKE,2017,,
ja,608,2017-12-06 00:00:00,73222,43670,TORM AMALIE,OHN,Melkøya,,,1,,,,,,1,,,,,,2017,,
ja,609,2017-12-07 00:00:00,73947,43671,ARCTIC DISCOVERER,GUN,Melkøya,,,1,,,,,,1,,,,,,2017,,
ja,610,2017-12-08 00:00:00,73933,43672,ARCTIC DISCOVERER,OHN,Melkøya,,,1,,,,,,1,,,,,,2017,,
x,611,2017-12-09 00:00:00,73961,43736,BLUE PRIDE,LUN,Sture,,,,,,,1,1,,,,,,AVBRUTT PÅ GRUNN AV GROV SJØ,2017,,
ja,612,2017-12-09 00:00:00,73914,43736,INGRID KNUTSEN,LUN,Mongstad,,,1,,,,,,1,,,,,,2017,,
ja,613,2017-12-09 00:00:00,73833,43736,FRONT LYNX,LUN,Mongstad,,,1,,,,,1,1,,,,,,2017,,
ja,614,2017-12-09 00:00:00,74240,43736,BERGEN TS,LUN,Kårstø,,,1,,,,,,1,,,,,,2017,,
ja,615,2017-12-09 00:00:00,72984,43736,ARENDAL SPIRIT,LUN,Los øvrig,,,1,302,,,,,1,,,,,TRENING AV LOS FIRE STK. HOIST  (distansen var 490nm),2017,,
ja,616,2017-12-10 00:00:00,73893,43708,CAPTAIN NICHOLAS,LUN,Kårstø,,,1,,,,,,1,,,,,,2017,,
ja,617,2017-12-11 00:00:00,74355,43709,BLUEPRIDE,ONS,Fedje,,,1,,,,,1,1,,,,,,2017,,
ja,618,2017-12-11 00:00:00,74356,43709,RES COGITANS,ONS,Mongstad,,,1,,,,,,1,,,,,,2017,,
ja,619,2017-12-11 00:00:00,74293,43709,FRONT LYNX,LUN,Mongstad,,,1,,,,,,1,,,,,BÅT TIL BÅT,2017,,
ja,620,2017-12-11 00:00:00,74169,43709,NANSEN SPIRIT,LUN,Mongstad,,,1,,,,,1,1,,,,,BÅT TIL BÅT,2017,,
ja,621,2017-12-11 00:00:00,,43709,BODIL KNUTSEN,LUN,Crew Change,,,,,2,1,,,,1,48,3,,CREW CHANGE,2017,,
ja,622,2017-12-11 00:00:00,74340,43709,CAPTAIN NICHOLAS,LOO,Kårstø,,,1,,,,,,1,,,,,BÅT TIL BÅT,2017,,
ja,623,2017-12-11 00:00:00,74071,43709,NS CLIPPER,LOO,Kårstø,,,1,,,,,,1,,,,,BÅT TIL BÅT,2017,,
ja,624,2017-12-11 00:00:00,74060,43709,RIDGEBURY ALICE M,LOO,Sture,,,1,,,,,,1,,,,,,2017,,
ja,625,2017-12-11 00:00:00,74299,43709,INGRID KNUTSEN,LOO,Mongstad,,,1,,,1,,,,,,,,,2017,,
ja,626,2017-12-11 00:00:00,73996,43709,LENI P,LOO,Sture,,,1,,,,,,1,,,,,,2017,,
ja,627,2017-12-12 00:00:00,73926,43738,MINERVA NOUNOU,LUN,Sture,,,1,,,,,,1,,,,,,2017,,
ja,628,2017-12-12 00:00:00,73546,43738,BLUE PRIDE,LUN,Sture,,,1,,,,,,1,,,,,,2017,,
ja,629,2017-12-12 00:00:00,74425,43738,RIDGEBURY ALICE M,LUN,Sture,,,1,,,,,,1,,,,,,2017,,
ja,630,2017-12-12 00:00:00,74230,43738,SOLA TS,LUN,Sture,,,1,,,,,,1,,,,,,2017,,
ja,631,2017-12-13 00:00:00,74478,43739,CLIPPER JUPITER,LOO,Mongstad,,,1,,,,,,1,,,,,,2017,,
ja,632,2017-12-13 00:00:00,74480,43739,NANSEN SPIRIT,LOO,Mongstad,,,1,,,1,,,,,,,,,2017,,
ja,633,2017-12-13 00:00:00,74062,43739,BERGEN TS,LOO,Mongstad,,,1,,,,,1,1,,,,,,2017,,
ja,634,2017-12-13 00:00:00,73928,43739,MINERVA NOUNOU,LUN,Sture,,,1,,,,,1,1,,,,,,2017,,
ja,635,2017-12-11 00:00:00,,43737,,LOO,Other,,,,60,,,,,,,,,,"BEFARING PÅ OLJERIGGENE, 'ASKELADDEN' OG 'ASKEPOTT' FOR STATOIL.",2017,,
ja,636,2017-12-13 00:00:00,73997,43739,LENI P,LEI,Mongstad,,,1,,,,,,1,,,,,,2017,,
ja,637,2017-12-13 00:00:00,74122,43739,VAIL SPIRIT,LEI,Mongstad,,,1,,,,,,1,,,,,,2017,,
ja,638,2017-12-14 00:00:00,74489,43673,GRACE COSMOS,WEN,Melkøya,,,1,,,,,,1,,,,,,2017,,
ja,639,2017-12-13 00:00:00,73666,43739,RES COGITANS,TJA,Mongstad,,,1,,,,,1,1,,,,,,2017,,
ja,640,2017-12-14 00:00:00,74484,43740,ANTONIS,TJA,Sture,,,1,,,,,,1,,,,,FLYDD SOM BÅT TIL BÅT MED 641,2017,,
ja,641,2017-12-14 00:00:00,74605,43740,SOLA TS,TJA,Sture,,,1,,,,,,1,,,,,FLYDD SOM BÅT TIL BÅT MED 640,2017,,
ja,642,2017-12-14 00:00:00,74487,43741,CLIPPER JUPITER,ONS,Mongstad,,,1,,,,,2,1,,,,,,2017,,
ja,643,2017-12-14 00:00:00,74124,43741,VAIL SPIRIT,ONS,Mongstad,,,1,,,,,2,1,,,,,,2017,,
ja,644,2017-12-15 00:00:00,74708,43742,BERGEN TS,DOB,Mongstad,,,1,,,,,1,1,,,,,,2017,,
ja,645,2017-12-15 00:00:00,74816,43742,ANTONIS,DOB,Sture,,,1,,,,,1,1,,,,,,2017,,
ja,646,2017-12-15 00:00:00,74265,43743,ASKEPOTT,TJA,Los øvrig,,,1,,,,,1,1,,,,,"2 Los, RIGG KOM IFRA ÅGOTNES",2017,,
ja,647,2017-12-15 00:00:00,74490,43674,GRACE COSMOS,WEN,Melkøya,,,1,,,,,,1,,,,,,2017,,
ja,648,2017-12-15 00:00:00,74949,43743,PETROJARL 1,DOB,Los øvrig,,,1,,2,1,,,,,,,,"2 Los, 1. Pax ble flyd sammen med losene fra Petrojal 1 til ENHD ( Karmøy lufthavn)",2017,,
ja,649,2017-12-15 00:00:00,74916,43743,AFFINITY V,DOB,Kårstø,,,1,,,,,1,1,,,,,,2017,,
ja,650,2017-12-15 00:00:00,74826,43743,FRONT JAGUAR,DOB,Sture,,,1,,,,,,1,,,,,,2017,,
ja,651,2017-12-16 00:00:00,74929,43744,EAGLE BERGEN,DOB,Mongstad,,,1,,,1,,1,,,,,,,2017,,
ja,652,2017-12-16 00:00:00,74966,43744,FRONT JAGUAR,TJA,Sture,,,1,,,,,,1,,,,,BÅT TIL BÅT MED 653,2017,,
ja,653,2017-12-16 00:00:00,74761,43744,SPARTO,TJA,Sture,,,1,,,,,1,1,,,,,BÅT TIL BÅT MED 652,2017,,
ja,654,2017-12-17 00:00:00,74880,43745,ADVANTAGE ATOM,LEI,Mongstad,,,1,,,,,1,1,,,,,,2017,,
ja,655,2017-12-17 00:00:00,74076,43745,NS CLIPPER,LEI,Kårstø,,,1,,,,,,1,,,,,,2017,,
ja,656,2017-12-17 00:00:00,75036,43745,SPARTO,TJA,Los øvrig,,,1,,,,,,1,,,,,LOS BLE HENTET SØR AV FEDJE WEST PGA UTSETTELSE (VÆR) SKULLE SATT AV LOSEN PÅ BRITISH KESTREL,2017,,
x,657,2017-12-17 00:00:00,74861,43745,BRITISH KESTREL,TJA,Fedje,,,,,,,1,1,,,,,,SKULLE VÆRT BÅT TIL BÅT MED 75036 MEN VI MÅTTE OPPGI Å SETTE AV LOSEN PGA MYE ROTETE SJØ,2017,,
ja,658,2017-12-18 00:00:00,75125,43746,EAGLE BERGEN,TJA,Mongstad,,,1,,,1,,,,,,,,BÅT TIL BÅT MED 75124,2017,,
ja,659,2017-12-18 00:00:00,75124,43746,BRITISH KESTREL,TJA,Fedje,,,1,,,,,,1,,,,,BÅT TIL BÅT MED 75125,2017,,
ja,660,2017-12-18 00:00:00,74882,43746,ADVANTAGE ATOM,LEI,Mongstad,,,1,,,,,1,1,,,,,,2017,,
ja,661,2017-12-19 00:00:00,75233,43747,BRITISH KESTREL,TJA,Sture,,,1,,,,,1,1,,,,,,2017,,
,662,2017-12-19 00:00:00,,43747,,TJA,,,,,,,,,,,,,,,KORT HEISEDEMOTUR FOR UNIFLY DANMARK. BETALT AV LEONARDO. AIRBORNE 0.08/BLOCK 0:23. KONTAKT ENDRE ONSTAD => ingen fakturering for dette,2017,,
x,663,2017-12-19 00:00:00,75206,43747,FRONT CASTOR,TJA,Mongstad,,,,,,,1,,,,,,,RADAR U/S RETT FØR INNFLYGING TIL FEDJE I DÅRLIG VÆR. FLYGING AVBRUTT ,2017,,
ja,664,2017-12-19 00:00:00,75059,43712,ARCTIC VOYAGER ,AMU,Melkøya,,,1,,,,,,1,,,,,,2017,,
ja,665,2017-12-20 00:00:00,75341,43748,FRONT CASTOR,TJA,Sture,,,1,,,,,1,1,,,,,BÅT TATT I ANDRE FORSØK (REF 663) BÅT UTSATT PGA TÅKE,2017,,
ja,666,2017-12-20 00:00:00,75282,43749,RIDGEBURY ALICE M,BAC,Sture,,,1,,,,,1,1,,,,,,2017,,
ja,667,2017-12-21 00:00:00,75174,43713,ARCTIC PRINCESS,FRØ,Melkøya,,,1,,,,,,1,,,,,,2017,,
ja,668,2017-12-21 00:00:00,75444,43750,FRONT CASTOR,HUS,Sture,,,1,,,,,1,1,,,,,,2017,,
ja,669,2017-12-21 00:00:00,75340,43713,ARCTIC VOYAGER,FRØ,Melkøya,,,1,,,,,,1,,,,,BÅT TIL BÅT,2017,,
ja,670,2017-12-21 00:00:00,75162,43713,ARCTIC BAY,FRØ,Melkøya,,,1,,,,,,1,,,,,BÅT TIL BÅT,2017,,
ja,671,2017-12-22 00:00:00,75284,43751,RIDGEBURY ALICE M,BAC,Sture,,,1,,,,,,1,,,,,BÅT TIL BÅT med BERGEN TS,2017,,
ja,672,2017-12-22 00:00:00,75537,43751,BERGEN TS,BAC,Sture,,,1,,,,,,1,,,,,,2017,,
ja,673,2017-12-23 00:00:00,75648,43802,BERGEN TS,BAC,Sture,,STURE,1,,,,,,1,,,,,,2017,,
ja,674,2017-12-24 00:00:00,75688,43714,ARCTIC PRINCESS,FRØ,Melkøya,,,1,,,,,,1,,,,,BÅT TIL BÅT. NB: HUSK Å FAKTURER FOR 3 TIMER FLYPLASSÅPNING. FRA 08:30-11:30.,2017,,
ja,675,2017-12-24 00:00:00,75528,43714,ARCTIC DISCOVERER,FRØ,Melkøya,,,1,,,,,,1,,,,,BÅT TIL BÅT,2017,,
ja,676,2017-12-25 00:00:00,,43851,STENA ALEXITA,MÆL,Other,,,,,,1,,,,1,24,6,,Møter båt vest av Sotra  60.17N 004.27E,2017,,
ja,677,2017-12-25 00:00:00,75485,43715,ARCTIC BAY,FRØ,Melkøya,,,1,,,,,,1,,,,,BÅT TIL BÅT,2017,,
ja,678,2017-12-25 00:00:00,75189,43715,SYMI,FRØ,Melkøya,,,1,,,,,,1,,,,,BÅT TIL BÅT,2017,,
ja,679,2017-12-25 00:00:00,75838,43852,PARAMOUNT HELSINKI,HUS,Sture,,,1,,,,,2,1,,,,,,2017,,
ja,680,2017-12-26 00:00:00,75745,43853,NORD LARKSPUR,BAC,Mongstad,,STURE ,1,,,,,,1,,,,,,2017,,
ja,681,2017-12-26 00:00:00,75704,43853,MITERA MARIGO,HUS,Sture,,,1,,,,,1,1,,,,,,2017,,
ja,682,2017-12-26 00:00:00,75693,43583,PARAMOUNT HELSINKI,BAC,Sture,,,1,,,,,,1,,,,,,2017,,
ja,683,2017-12-27 00:00:00,75915,43584,AFFINITY V,BAC,Kårstø,,,1,,,,,,1,,,,,,2017,,
ja,684,2017-12-27 00:00:00,75431,43584,OSLO TS,BAC,Mongstad,,,1,,,,,1,1,,,,,,2017,,
ja,685,2017-12-27 00:00:00,75758,43855,MITERA MARIGO,GUN,Sture,,,1,,,,,1,1,,,,,,2017,,
ja,686,2017-12-27 00:00:00,65199,43803,BIDFORD DOLPHIN,OHN,Los øvrig,,,1,130,,1,,,,,,,,3 Los / NB: Fakturere leie av drakt til LOS,2017,,
ja,687,2017-12-27 00:00:00,75889,43803,BLUE PRIDE,OHN,Kårstø,,,1,,,,,,1,,,,,,2017,,
ja,688,2017-12-27 00:00:00,75913,43803,AFFINITY V,OHN,Mongstad,,,1,,,,,1,1,,,,,,2017,,
ja,689,2017-12-28 00:00:00,75826,43803,KAPSALI,OHN,Sture,,,1,,,,,,1,,,,,,2017,,
ja,690,2017-12-28 00:00:00,75192,43716,SYMI,LOO,Melkøya,,,1,,,,,,1,,,,,BÅT TIL BÅT,2017,,
ja,691,2017-12-28 00:00:00,76052,43761,ARCTIC LADY,LOO,Melkøya,,,1,,,,,,1,,,,,BÅT TIL BÅT,2017,,
ja,692,2017-12-28 00:00:00,75783,43804,COBRA,GUN,Kårstø,,,1,,,,,,1,,,,,,2017,,
ja,693,2017-12-28 00:00:00,75905,43804,NORD LARKSPUR,GUN,Mongstad,,,1,,,,,2,1,,,,,,2017,,
ja,694,2017-12-28 00:00:00,76057,43856,CLIPPER JUPITER,GUN,Kårstø,,,1,,,,,,1,,,,,,2017,,
ja,695,2017-12-28 00:00:00,75997,43856,STENA ALEXITA,OHN,Mongstad,,,1,,,1,,1,,,,,,,2017,,
ja,696,2017-12-29 00:00:00,75827,43857,KAPSALI,GUN,Sture,,,1,,,,,1,1,,,,,,2017,,
ja,697,2017-12-29 00:00:00,75784,43805,COBRA,GUN,Kårstø,,,1,,,,,,1,,,,,,2017,,
ja,698,2017-12-29 00:00:00,75678,43805,CLIPPER JUPITER,GUN,Kårstø,,,1,,,,,,1,,,,,,2017,,
ja,699,2017-12-30 00:00:00,76120,43806,AFFINITY V,OHN,Sture,,,1,,,,,1,1,,,,,,2017,,
ja,700,2017-12-30 00:00:00,76112,43806,OSLO TS,GUN,Mongstad,,,1,,,,,1,1,,,,,,2017,,
ja,701,2017-12-30 00:00:00,76172,43762,ARCTIC LADY,LOO,Melkøya,,,1,,,,,,1,,,,,,2017,,
ja,702,2017-12-30 00:00:00,76108,43806,STENA ALEXITA,GUN,Mongstad,,,1,,,1,,1,,,,,,,2017,,
ja,703,2017-12-31 00:00:00,76257,43858,EAGLE BERGEN,OHN,Mongstad,,,1,,,1,,1,,,,,,,2017,,
ja,704,2017-12-31 00:00:00,76045,43858,MIKELA P,OHN,Sture,,,1,,,,,,1,,,,,,2017,,
,705,,,,,,,,,,,,,,,,,,,,,2017,,
,706,,,,,,,,,,,,,,,,,,,,,2017,,
,707,,,,,,,,,,,,,,,,,,,,,2017,,
,708,,,,,,,,,,,,,,,,,,,,,2017,,
,709,,,,,,,,,,,,,,,,,,,,,2017,,
,710,,,,,,,,,,,,,,,,,,,,,2017,,
,711,,,,,,,,,,,,,,,,,,,,,2017,,
,712,,,,,,,,,,,,,,,,,,,,,2017,,
,713,,,,,,,,,,,,,,,,,,,,,2017,,
,714,,,,,,,,,,,,,,,,,,,,,2017,,
,715,,,,,,,,,,,,,,,,,,,,,2017,,
,716,,,,,,,,,,,,,,,,,,,,,2017,,
,717,,,,,,,,,,,,,,,,,,,,,2017,,
,718,,,,,,,,,,,,,,,,,,,,,2017,,
,719,,,,,,,,,,,,,,,,,,,,,2017,,
,720,,,,,,,,,,,,,,,,,,,,,2017,,
,721,,,,,,,,,,,,,,,,,,,,,2017,,
,722,,,,,,,,,,,,,,,,,,,,,2017,,
,723,,,,,,,,,,,,,,,,,,,,,2017,,
,724,,,,,,,,,,,,,,,,,,,,,2017,,
,725,,,,,,,,,,,,,,,,,,,,,2017,,
,726,,,,,,,,,,,,,,,,,,,,,2017,,
,727,,,,,,,,,,,,,,,,,,,,,2017,,
,728,,,,,,,,,,,,,,,,,,,,,2017,,
,729,,,,,,,,,,,,,,,,,,,,,2017,,
,730,,,,,,,,,,,,,,,,,,,,,2017,,
,731,,,,,,,,,,,,,,,,,,,,,2017,,
,732,,,,,,,,,,,,,,,,,,,,,2017,,
,733,,,,,,,,,,,,,,,,,,,,,2017,,
,734,,,,,,,,,,,,,,,,,,,,,2017,,
,735,,,,,,,,,,,,,,,,,,,,,2017,,
,736,,,,,,,,,,,,,,,,,,,,,2017,,
,737,,,,,,,,,,,,,,,,,,,,,2017,,
,738,,,,,,,,,,,,,,,,,,,,,2017,,
,739,,,,,,,,,,,,,,,,,,,,,2017,,
,740,,,,,,,,,,,,,,,,,,,,,2017,,
,741,,,,,,,,,,,,,,,,,,,,,2017,,
,742,,,,,,,,,,,,,,,,,,,,,2017,,
,743,,,,,,,,,,,,,,,,,,,,,2017,,
,744,,,,,,,,,,,,,,,,,,,,,2017,,
,745,,,,,,,,,,,,,,,,,,,,,2017,,
,746,,,,,,,,,,,,,,,,,,,,,2017,,
,747,,,,,,,,,,,,,,,,,,,,,2017,,
,748,,,,,,,,,,,,,,,,,,,,,2017,,
,749,,,,,,,,,,,,,,,,,,,,,2017,,
,750,,,,,,,,,,,,,,,,,,,,,2017,,
,751,,,,,,,,,,,,,,,,,,,,,2017,,
,752,,,,,,,,,,,,,,,,,,,,,2017,,
,753,,,,,,,,,,,,,,,,,,,,,2017,,
,754,,,,,,,,,,,,,,,,,,,,,2017,,
,755,,,,,,,,,,,,,,,,,,,,,2017,,
,756,,,,,,,,,,,,,,,,,,,,,2017,,
,757,,,,,,,,,,,,,,,,,,,,,2017,,
,758,,,,,,,,,,,,,,,,,,,,,2017,,
,759,,,,,,,,,,,,,,,,,,,,,2017,,
,760,,,,,,,,,,,,,,,,,,,,,2017,,
,761,,,,,,,,,,,,,,,,,,,,,2017,,
,762,,,,,,,,,,,,,,,,,,,,,2017,,
,763,,,,,,,,,,,,,,,,,,,,,2017,,
,764,,,,,,,,,,,,,,,,,,,,,2017,,
,765,,,,,,,,,,,,,,,,,,,,,2017,,
,766,,,,,,,,,,,,,,,,,,,,,2017,,
,767,,,,,,,,,,,,,,,,,,,,,2017,,
,768,,,,,,,,,,,,,,,,,,,,,2017,,
,769,,,,,,,,,,,,,,,,,,,,,2017,,
,770,,,,,,,,,,,,,,,,,,,,,2017,,
,771,,,,,,,,,,,,,,,,,,,,,2017,,
,772,,,,,,,,,,,,,,,,,,,,,2017,,
,773,,,,,,,,,,,,,,,,,,,,,2017,,
,774,,,,,,,,,,,,,,,,,,,,,2017,,
,775,,,,,,,,,,,,,,,,,,,,,2017,,
,776,,,,,,,,,,,,,,,,,,,,,2017,,
,777,,,,,,,,,,,,,,,,,,,,,2017,,
,778,,,,,,,,,,,,,,,,,,,,,2017,,
,779,,,,,,,,,,,,,,,,,,,,,2017,,
,780,,,,,,,,,,,,,,,,,,,,,2017,,
,781,,,,,,,,,,,,,,,,,,,,,2017,,
,782,,,,,,,,,,,,,,,,,,,,,2017,,
,783,,,,,,,,,,,,,,,,,,,,,2017,,
,784,,,,,,,,,,,,,,,,,,,,,2017,,
,785,,,,,,,,,,,,,,,,,,,,,2017,,
,786,,,,,,,,,,,,,,,,,,,,,2017,,
,787,,,,,,,,,,,,,,,,,,,,,2017,,
,788,,,,,,,,,,,,,,,,,,,,,2017,,
,789,,,,,,,,,,,,,,,,,,,,,2017,,
,790,,,,,,,,,,,,,,,,,,,,,2017,,
,791,,,,,,,,,,,,,,,,,,,,,2017,,
,792,,,,,,,,,,,,,,,,,,,,,2017,,
,791,,,,,,,,,,,,,,,,,,,,,2017,,
,792,,,,,,,,,,,,,,,,,,,,,2017,,
,793,,,,,,,,,,,,,,,,,,,,,2017,,
,794,,,,,,,,,,,,,,,,,,,,,2017,,
,795,,,,,,,,,,,,,,,,,,,,,2017,,
,796,,,,,,,,,,,,,,,,,,,,,2017,,
,797,,,,,,,,,,,,,,,,,,,,,2017,,
,798,,,,,,,,,,,,,,,,,,,,,2017,,
,799,,,,,,,,,,,,,,,,,,,,,2017,,
,800,,,,,,,,,,,,,,,,,,,,,2017,,
,801,,,,,,,,,,,,,,,,,,,,,2017,,
,802,,,,,,,,,,,,,,,,,,,,,2017,,
,803,,,,,,,,,,,,,,,,,,,,,2017,,
,804,,,,,,,,,,,,,,,,,,,,,2017,,
,805,,,,,,,,,,,,,,,,,,,,,2017,,
,806,,,,,,,,,,,,,,,,,,,,,2017,,
,807,,,,,,,,,,,,,,,,,,,,,2017,,
,808,,,,,,,,,,,,,,,,,,,,,2017,,
,809,,,,,,,,,,,,,,,,,,,,,2017,,
,810,,,,,,,,,,,,,,,,,,,,,2017,,
,811,,,,,,,,,,,,,,,,,,,,,2017,,
,812,,,,,,,,,,,,,,,,,,,,,2017,,
,813,,,,,,,,,,,,,,,,,,,,,2017,,
,814,,,,,,,,,,,,,,,,,,,,,2017,,
,815,,,,,,,,,,,,,,,,,,,,,2017,,
,816,,,,,,,,,,,,,,,,,,,,,2017,,
,817,,,,,,,,,,,,,,,,,,,,,2017,,
,818,,,,,,,,,,,,,,,,,,,,,2017,,
,819,,,,,,,,,,,,,,,,,,,,,2017,,
,820,,,,,,,,,,,,,,,,,,,,,2017,,
,821,,,,,,,,,,,,,,,,,,,,,2017,,
,822,,,,,,,,,,,,,,,,,,,,,2017,,
,823,,,,,,,,,,,,,,,,,,,,,2017,,
,824,,,,,,,,,,,,,,,,,,,,,2017,,
,825,,,,,,,,,,,,,,,,,,,,,2017,,
,826,,,,,,,,,,,,,,,,,,,,,2017,,
,827,,,,,,,,,,,,,,,,,,,,,2017,,
,828,,,,,,,,,,,,,,,,,,,,,2017,,
,829,,,,,,,,,,,,,,,,,,,,,2017,,
,830,,,,,,,,,,,,,,,,,,,,,2017,,
,831,,,,,,,,,,,,,,,,,,,,,2017,,
,832,,,,,,,,,,,,,,,,,,,,,2017,,
,833,,,,,,,,,,,,,,,,,,,,,2017,,
,834,,,,,,,,,,,,,,,,,,,,,2017,,
,835,,,,,,,,,,,,,,,,,,,,,2017,,
,836,,,,,,,,,,,,,,,,,,,,,2017,,
,837,,,,,,,,,,,,,,,,,,,,,2017,,
,838,,,,,,,,,,,,,,,,,,,,,2017,,
,839,,,,,,,,,,,,,,,,,,,,,2017,,
,840,,,,,,,,,,,,,,,,,,,,,2017,,
,841,,,,,,,,,,,,,,,,,,,,,2017,,
,842,,,,,,,,,,,,,,,,,,,,,2017,,
,843,,,,,,,,,,,,,,,,,,,,,2017,,
,844,,,,,,,,,,,,,,,,,,,,,2017,,
,845,,,,,,,,,,,,,,,,,,,,,2017,,
,846,,,,,,,,,,,,,,,,,,,,,2017,,
,847,,,,,,,,,,,,,,,,,,,,,2017,,
,848,,,,,,,,,,,,,,,,,,,,,2017,,
,849,,,,,,,,,,,,,,,,,,,,,2017,,
,850,,,,,,,,,,,,,,,,,,,,,2017,,
,851,,,,,,,,,,,,,,,,,,,,,2017,,
,852,,,,,,,,,,,,,,,,,,,,,2017,,
,853,,,,,,,,,,,,,,,,,,,,,2017,,
,854,,,,,,,,,,,,,,,,,,,,,2017,,
,855,,,,,,,,,,,,,,,,,,,,,2017,,
,856,,,,,,,,,,,,,,,,,,,,,2017,,
,857,,,,,,,,,,,,,,,,,,,,,2017,,
,858,,,,,,,,,,,,,,,,,,,,,2017,,
,859,,,,,,,,,,,,,,,,,,,,,2017,,
,860,,,,,,,,,,,,,,,,,,,,,2017,,
,861,,,,,,,,,,,,,,,,,,,,,2017,,
,862,,,,,,,,,,,,,,,,,,,,,2017,,
,863,,,,,,,,,,,,,,,,,,,,,2017,,
,864,,,,,,,,,,,,,,,,,,,,,2017,,
,865,,,,,,,,,,,,,,,,,,,,,2017,,
,866,,,,,,,,,,,,,,,,,,,,,2017,,
,867,,,,,,,,,,,,,,,,,,,,,2017,,
,868,,,,,,,,,,,,,,,,,,,,,2017,,
,869,,,,,,,,,,,,,,,,,,,,,2017,,
,870,,,,,,,,,,,,,,,,,,,,,2017,,
,871,,,,,,,,,,,,,,,,,,,,,2017,,
,872,,,,,,,,,,,,,,,,,,,,,2017,,
,873,,,,,,,,,,,,,,,,,,,,,2017,,
,874,,,,,,,,,,,,,,,,,,,,,2017,,
,875,,,,,,,,,,,,,,,,,,,,,2017,,
,876,,,,,,,,,,,,,,,,,,,,,2017,,
,877,,,,,,,,,,,,,,,,,,,,,2017,,
,878,,,,,,,,,,,,,,,,,,,,,2017,,
,879,,,,,,,,,,,,,,,,,,,,,2017,,
,880,,,,,,,,,,,,,,,,,,,,,2017,,
,881,,,,,,,,,,,,,,,,,,,,,2017,,
,882,,,,,,,,,,,,,,,,,,,,,2017,,
,883,,,,,,,,,,,,,,,,,,,,,2017,,
,884,,,,,,,,,,,,,,,,,,,,,2017,,
,885,,,,,,,,,,,,,,,,,,,,,2017,,
,886,,,,,,,,,,,,,,,,,,,,,2017,,
,887,,,,,,,,,,,,,,,,,,,,,2017,,
,888,,,,,,,,,,,,,,,,,,,,,2017,,
,889,,,,,,,,,,,,,,,,,,,,,2017,,
,890,,,,,,,,,,,,,,,,,,,,,2017,,
,891,,,,,,,,,,,,,,,,,,,,,2017,,
,892,,,,,,,,,,,,,,,,,,,,,2017,,
,893,,,,,,,,,,,,,,,,,,,,,2017,,
,894,,,,,,,,,,,,,,,,,,,,,2017,,
,895,,,,,,,,,,,,,,,,,,,,,2017,,
,,,,,,,,,,,,,,,,,,,,,,Lokasjoner,Fedje,
,,,,,,,,,,,,,,,,,,,,,,Lokasjoner,Kårstø,
,,,,,,,,,,,,,,,,,,,,,,Lokasjoner,Los øvrig,
,,,,,,,,,,,,,,,,,,,,,,Lokasjoner,Melkøya,
,,,,,,,,,,,,,,,,,,,,,,Lokasjoner,Mongstad,
,,,,,,,,,,,,,,,,,,,,,,Lokasjoner,Nyhamna,
,,,,,,,,,,,,,,,,,,,,,,Lokasjoner,Other,
,,,,,,,,,,,,,,,,,,,,,,Lokasjoner,Sture,
,,,,,,,,,,,,,,,,,,,,,,Statistikk,,
,,,,,Antall oppdrag kvar sted,,,,0.8363363363363363,Heising på LOS 2017 per nå,,,,,,,,,,,,Statistikk,,
,,,,,,,,,,,,,,,,,,,,,,Statistikk,,
2017,,Februar,Mars,April,Mai,Juni,Juli,August,September,Oktober,November,Desember,Summa 2017,,,,,,,,,Statistikk,,Januar
Sture,,0,0,0,0,0,33,32,27,32,28,33,185,Sture,,,,,,,,Statistikk,,0
Mongstad,,0,0,0,0,0,34,51,42,37,33,41,238,Mongstad,,,,,,,,Statistikk,,0
Kårstø,,0,0,0,0,0,14,13,8,11,14,13,73,Kårstø,,,,,,,,Statistikk,,0
Nyhamna,,0,0,0,0,0,0,4,0,1,2,0,7,Nyhamna,,,,,,,,Statistikk,,0
Melkøya,,0,0,0,0,1,21,15,17,15,16,21,106,Melkøya,,,,,,,,Statistikk,,0
Fedje,,0,0,0,0,0,0,1,8,4,0,2,15,Fedje,,,,,,,,Statistikk,,0
Los øvrig,,0,0,0,0,0,5,4,11,11,6,5,42,Los øvrig,,,,,,,,Statistikk,,0
Total LOS,,0,0,0,0,1,107,120,113,111,99,115,666,Total LOS,,,,,,,,Statistikk,,0
,,,,,,,,,,,,,,,,,,,,,,Statistikk,,
Crew Change,,0,0,0,0,0,4,5,4,6,1,1,21,Crew Change,,,,,,,,Statistikk,,0
Other,,0,0,0,0,0,0,0,0,1,1,2,4,Other,,,,,,,,Statistikk,,0
,,,,,,,,,,,,,,,,,,,,,,Statistikk,,
Total LOS,,0,0,0,0,1,107,120,113,111,99,115,666,Total LOS,,,,,,,,Statistikk,,0
Heis operasjoner,,0,0,0,0,1,93,100,86,87,86,104,557,Heis operasjoner,,,,,,,,Statistikk,,0
Landinger på fartøy,,0,0,0,0,0,14,20,27,24,13,11,109,Landinger på fartøy,,,,,,,,Statistikk,,0
Heising på Los,,,,,,1,0.8691588785046729,0.8333333333333334,0.7610619469026548,0.7837837837837838,0.8686868686868687,0.9043478260869565,0.8363363363363363,Heising på Los,,,,,,,,Statistikk,,
"Crew Change, Antall PAX",,0,0,0,0,0,17,28,30,31,1,2,109,"Crew Change, Antall PAX",,,,,,,,Statistikk,,0
Landinger Fedje,,0,0,0,0,0,54,67,61,53,40,53,328,Landinger Fedje,,,,,,,,Statistikk,,0
Avbrudd / Kansellert,,0,0,0,0,0,4,0,0,2,1,4,11,Avbrudd /Kansellert,,,,,,,,Statistikk,,0
Total Oppdrag,,0,0,0,0,1,111,125,117,118,101,118,691,Total Oppdrag,,,,,,,,Statistikk,,0
,,,,,,,,,,,,,,,,,,,,,,Statistikk,,
,,,,,,,,,,,,,,,,,,,,,,Statistikk,,
,,,,,Forlik budsjett / utførte oppdrag,,,,,,,,,,,,,,,,,Statistikk,,
,,,,,,,,,,,,,,,,,,,,,,Statistikk,,
2017,,Februar,Mars,April,Mai,Juni,Juli,August,September,Oktober,November,Desember,,,,,,,,,,Statistikk,,Januar
Sture,,0,0,0,0,0,33,32,27,32,28,33,,,,,,,,,,Statistikk,,0
Mongstad,,0,0,0,0,0,34,51,42,37,33,41,,,,,,,,,,Statistikk,,0
Kårstø,,0,0,0,0,0,14,13,8,11,14,13,,,,,,,,,,Statistikk,,0
Summe LOS oppdrag,,0,0,0,0,0,81,96,77,80,75,87,,,,,,,,,,Statistikk,,0
Budsjett LOS oppdrag,,,,,,,79,79,79,79,79,79,,,,,,,,,,Statistikk,,
Differanse,,,,,,,2,17,-2,1,-4,8,,,,,,,,,,Statistikk,,
,,,,,,,,,,,,,,,,,,,,,,Statistikk,,
,,,,,,,,,,,,,,,,,,,,,,Statistikk,,
2017,,Februar,Mars,April,Mai,Juni,Juli,August,September,Oktober,November,Desember,,,,,,,,,,Statistikk,,Januar
Nyhamna,,0,0,0,0,0,0,4,0,1,2,0,,,,,,,,,,Statistikk,,0
Budsjett LOS oppdrag,,,,,,,3,3,3,3,3,3,,,,,,,,,,Statistikk,,
Differanse,,,,,,,-3,1,-3,-2,-1,-3,,,,,,,,,,Statistikk,,
,,,,,,,,,,,,,,,,,,,,,,Statistikk,,
,,,,,,,,,,,,,,,,,,,,,,Statistikk,,
2017,,Februar,Mars,April,Mai,Juni,Juli,August,September,Oktober,November,Desember,,,,,,,,,,Statistikk,,Januar
Melkøya,,0,0,0,0,1,21,15,17,15,16,21,,,,,,,,,,Statistikk,,0
Budsjett LOS oppdrag,,,,,,1,17,17,17,17,17,17,,,,,,,,,,Statistikk,,
Differanse,,,,,,0,4,-2,0,-2,-1,4,,,,,,,,,,Statistikk,,
,,,,,,,,,,,,,,,,,,,,,,Statistikk,,
,,,,,,,,,,,,,,,,,,,,,,Statistikk,,
,,,,Oversikt avbrudd / kansellert oppdrag,,,,,,,,,,,,,,,,,,Statistikk,,
Dato / Månad 2017,,Februar,Mars,April,Mai,Juni,Juli,August,September,Oktober,November,Desember,,,,,,,,,,Statistikk,,Januar
2017-07-22 00:00:00,,,,,,,pga tåke,,,,,,,,,,,,,,,Statistikk,,
2017-07-23 00:00:00,,,,,,,pga havtåke,,,,,,,,,,,,,,,Statistikk,,
2017-07-29 00:00:00,,,,,,,pga lynaktivitet,,,,,,,,,,,,,,,Statistikk,,
2017-07-29 00:00:00,,,,,,,pga lynaktivitet,,,,,,,,,,,,,,,Statistikk,,
2017-10-29 00:00:00,,,,,,,,,,Aborted due to faulty winch,,,,,,,,,,,,Statistikk,,
2017-10-31 00:00:00,,,,,,,,,,Aborted due to WX,,,,,,,,,,,,Statistikk,,
2017-11-04 00:00:00,,,,,,,,,,,Aborted due to small winch area and exessive movements on ship,,,,,,,,,,,Statistikk,,
2017-11-29 00:00:00,,,,,,,,,,,"kansellert 5 min før me var framme, kvitsøy enige med skrive faktura",,,,,,,,,,,Statistikk,,
2017-12-06 00:00:00,,,,,,,,,,,,BÅTEN BLEI TATT MED LOS SKØYTE GRUNNET TETT TÅKE,,,,,,,,,,Statistikk,,
2017-12-09 00:00:00,,,,,,,,,,,,AVBRUTT PÅ GRUNN AV GROV SJØ,,,,,,,,,,Statistikk,,
2017-12-17 00:00:00,,,,,,,,,,,,MÅTTE OPPGI Å SETTE AV LOSEN PGA MYE ROTETE SJØ,,,,,,,,,,Statistikk,,
2017-12-19 00:00:00,,,,,,,,,,,,RADAR U/S RETT FØR INNFLYGING TIL FEDJE I DÅRLIG VÆR. FLYGING AVBRUTT ,,,,,,,,,,Statistikk,,
